FID,River_ID,River_Name,Zone,COMMON_NAM,WATERSHED,DISCRIPTIO,LENGTH_BY_,NOTES_,SHAPE_Length
1,C1-6,MADRANIO CANYON,1, ,COASTAL DRAINAGE,"from Pacific Ocean near Seacliff for a distance of 13,700 feet",2.60, ,0.0464250405272208
2,Z2-oth,WEST FORK OXNARD WEST TRIBUTARY,2, , ,Not found in Channels within the Comprehensive Plan of the Ventura County Flood Control District, , ,0.000117963044952028
3,C2-15,WEST FIFTH STREET DRAIN,2, ,COASTAL DRAINAGE,"from Edison Canal parallel to West Fifth Street to Victoria Avenue, then through Oxnard Airport to Ventura Road",2.44, ,0.0422558528429108
4,C4-2,YERBA BUENA CANYON,4, ,COASTAL DRAINAGE,"tributary to Little Sycamore at mile 3.4, from mouth for a distance of 3,600 feet",0.68, ,0.0107004353161127
5,C1-1,CASITAS CREEK,1, ,COASTAL DRAINAGE,"tributary to Rincon Creek at mile 2.5 for a distance of 10,000 feet easterly",1.89, ,0.0334671820469332
6,C1-5,LINE CANYON,1, ,COASTAL DRAINAGE,"from Pacific Ocean at Solimar Beach for a distance of 4,600 feet",0.87, ,0.0145138515361776
7,C2-10,OXNARD WEST DRAIN,2, ,COASTAL DRAINAGE,from Edison Canal to intersection of Ventura Road and West Fifth Street,3.16,Note: This Drain has been spilt with the upper portion flowing into West Wooley Drain.,0.0412956940307906
11,C1-9,RINCON CREEK,1, ,COASTAL DRAINAGE,"from Pacific Ocean for a distance of 20,400 feet along the Santa Barbara County Line",3.86, ,0.070481377326184
12,C1-7,PADRE JUAN CANYON,1, ,COASTAL DRAINAGE,"from Pacific Ocean near Pitas Point for a distance of 10,400 feet",2.64, ,0.0485192539648752
14,C1-10,SAN JON BARRANCA,1, ,COASTAL DRAINAGE,from Pacific Ocean to the Ventura City Boundary,1.68, ,0.0267269155740745
15,C2-11,RESERVOIR BARRANCA,2, ,COASTAL DRAINAGE,"tributary to Arundell Barranca at mile 2.7, from mouth to 3,600 feet north of Foothill Road within Arroyo Verde Park",1.36, ,0.0254716151166125
16,C2-12,RICE ROAD DRAIN,2, ,COASTAL DRAINAGE,"tributary to Oxnard Industrial Drain at Pleasant Valley Road , from mouth to Colonia Road, Oxnard",4.45, ,0.0641148250865277
17,C2-8,MILLS ROAD DRAIN,2, ,COASTAL DRAINAGE,"tributary to Arundell Barranca, at mile 1.4, from mouth to Main Street",0.19, ,0.00313629430590694
20,C2-16,WEST WOOLEY DRAIN,2, ,COASTAL DRAINAGE,"tributary to Oxnard West Drain at Patterson Road, from mouth to intersection of Wooley Road and Ventura Road",1.61, ,0.0254406141526406
22,C4-1,LITTLE SYCAMORE CANYON,4, ,COASTAL DRAINAGE,"from Pacific Ocean northerly for a distance of 23,000 feet",4.36, ,0.0698732110077004
26,C1-4,JAVON CANYON,1, ,COASTAL DRAINAGE,"from Pacific Ocean fro a distance of 9,700 feet",1.84, ,0.0338869901261073
28,C2-5,HUENEME DRAIN,2, ,COASTAL DRAINAGE,"from the junction with J Street Drain to Pleasant Valley Road, Port Hueneme",1.36, ,0.0171325223287796
31,C2-7,LAKE CANYON,2, ,COASTAL DRAINAGE,"tributary to Arundell Barranca at mile 5.1 from confluence with Sexton Canyon to a distance of 10,100 feet northerly",1.91, ,0.0294133519627528
32,C1-3,HALL CANYON,1, ,COASTAL DRAINAGE,"tributary to Prince Barranca at mile 1.8 from mouth for a distance of 17,000 feet",3.22, ,0.0543946328685917
35,C2-14,TELEPHONE ROAD DRAIN,2, ,COASTAL DRAINAGE,"tributary to Arundell Barranca at mile 1.8, from mouth to Hill Road",1.97, ,0.0341773092284385
46,C2-6,TšUMAš CREEK,2, ,COASTAL DRAINAGE,"from Pacific Ocean to Redwood Street, Oxnard",2.53,Note: Once was Called J STREET DRAIN,0.0348581114969087
47,C1-2,EAST FORK HALL CANYON,1, ,COASTAL DRAINAGE,"tributary to Hall Canyon at mile 1.6 from mouth for a distance of 14,300 feet",2.71, ,0.0456793421183672
50,C2-2,ARUNDELL BARRANCA TRIBUTARY,2, ,COASTAL DRAINAGE,"at mile 3.7, from mouth to Foothill Road",0.09, ,0.00165913330938763
57,C2-3,BARLOW BARRANCA,2, ,COASTAL DRAINAGE,"tributary to Arundell Barranca at mile 1.8, from mouth to 9,600 feet north of Foothill Road",3.11, ,0.0473855242393895
58,C2-4,DORIS DRAIN,2, ,COASTAL DRAINAGE,"from Edison Canal north easterly 16,100 feet to Ventura Road, Oxnard",3.05, ,0.0518555412069936
59,C2-1,ARUNDELL BARRANCA,2, ,COASTAL DRAINAGE,from Ventura Marina to and including debris basin at the confluence of Lake and Sexton Canyons,5.09, ,0.0830743354016022
61,Z2-oth,EAST FORK OXNARD WEST DRAIN TRIBUTARY,2, , ,Not found in Channels within the Comprehensive Plan of the Ventura County Flood Control District, , ,0.00104716898312359
62,C2-9,ORMOND LAGOON WATERWAY,2, ,COASTAL DRAINAGE,"from Pacific Ocean to Wooley Road, Oxnard",3.39,Note: Renamed from OXNARD INDUSTRIAL DRAIN,0.0816414117033555
63,Z2-oth,EAST FORK OXNARD INDUSTRIAL DRAIN,2, , ,Not found in Channels within the Comprehensive Plan of the Ventura County Flood Control District, , ,0.00121461870882247
64,T4-17,SADDLEBOW DRAIN,4, ,TRIUNFO CANYON DRAINAGE,"tributary to Las Virgenes Creek at mile 3.0, from mouth northeasterly for a distance of 1,200 feet",0.23, ,0.00351257665794766
65,T4-16,RUSSELL CREEK,4, ,TRIUNFO CANYON DRAINAGE,"from Ventura County Line for a distance of 7,400 feet northerly",1.40, ,0.0206524816131849
66,T4-4,HIDDEN VALLEY CREEK,4, ,TRIUNFO CANYON DRAINAGE,from Lake Sherwood junction of Hidden Valley Road and Potrero Road,2.99, ,0.0576789051895797
67,T4-8,LASKEY MESA EAST,4, ,TRIUNFO CANYON DRAINAGE,"tributary to East Las Virgenes Canyon at mile 0.9, from mouth northerly for a distance of 3,400 feet",0.64, ,0.00906434875109686
68,T4-1,CHEESEBORO CANYON,4, ,TRIUNFO CANYON DRAINAGE,"from the Ventura County Line for a distance of 16,100 feet northerly",3.05, ,0.0459647286923848
69,T4-19,TRENTWOOD WASH,4, ,TRIUNFO CANYON DRAINAGE,"tributary to Hidden Valley at mile 0.4, from mouth, northerly for a distance of 1000 feet",0.19, ,0.00324451659331974
70,T4-11,MAVERICK WASH,4, ,TRIUNFO CANYON DRAINAGE,"tributary to Las Virgenes Creek at mile 3.5, from mouth northerly for a distance of 2,400 feet",0.45, ,0.00662601289838205
71,T4-23,WEST LAS VIRGENES CREEK,4, ,TRIUNFO CANYON DRAINAGE,"tributary to Las Virgenes Creek at mile 2.6, from mouth westerly for a distance of 1,400 feet",0.27, ,0.00474840613342072
72,T4-5,HIDDEN VALLEY CREEK TRIBUTARY,4, ,TRIUNFO CANYON DRAINAGE,"tributary to Hidden Valley Creek at Potrero Road, northeasterly for a distance of 5,100 feet",0.58, ,0.00925902900772356
73,T4-10,LINDERO CREEK,4, ,TRIUNFO CANYON DRAINAGE,from Los Angeles - Ventura County Line for northerly to Kanan Road,2.49, ,0.0376458554045229
74,T4-13,NORTH FORK PALO COMADO CANYON,4, ,TRIUNFO CANYON DRAINAGE,"tributary to Palo Comado Creek at mile 2.2, rom mouth northwesterly for a distance of 3,100 feet",0.58, ,0.0204367281207566
75,T4-3,EAST LAS VIRGENES CANYON,4, ,TRIUNFO CANYON DRAINAGE,"tributary to Las Virgenes Creek at mile 0.2, from mouth northerly for a distance of 9,700 feet",1.84, ,0.0302694649909428
76,T4-20,VALLEY ROAD WASH,4, ,TRIUNFO CANYON DRAINAGE,"tributary to Hidden Valley at mile 2.3, from mouth for a distance of 5,100 feet",0.97, ,0.0165683041757577
77,T4-9,LASKEY MESA WEST,4, ,TRIUNFO CANYON DRAINAGE,"tributary to East Las Virgenes Canyon at mile 0.7, from mouth northerly for a distance of 2,600 feet",0.49, ,0.00705421280861222
78,T4-22,WEST FORK POTRERO,4, ,TRIUNFO CANYON DRAINAGE,"tributary to Potrero Creek at mile 1.4, from mouth for a distance of 2,000 feet westerly to Lake Sherwood",0.38, ,0.00509432834737124
79,T4-21,WEST FORK MEDEA CREEK,4, ,TRIUNFO CANYON DRAINAGE,"tributary to Medea Creek at mile 1.2, from mouth for a distance of 6,100 feet",1.16, ,0.0160767938605213
80,T4-12,MEDEA CREEK,4, ,TRIUNFO CANYON DRAINAGE,"from Ventura County Line to Kanan Road Crossing and northerly for a total distance of 12,700 feet",2.41, ,0.0384200349811207
81,T4-18,SCHOOLHOUSE CANYON,4, ,TRIUNFO CANYON DRAINAGE,"from lake at Westlake to Thousand Oaks Boulevard and an additional 12,600 feet northeasterly",2.39, ,0.0402564441870709
82,T4-7,LAS VIRGENES CREEK,4, ,TRIUNFO CANYON DRAINAGE,"from the Los Angeles - Ventura County Line for a distance of 24,100 feet northwesterly",4.56, ,0.0723937468499066
83,T4-6,LAKE ELEANOR CREEK,4, ,TRIUNFO CANYON DRAINAGE,"tributary to Potrero Creek at mile 1.3, from mout to Westlake Blvd",0.25, ,0.00368090109333557
84,T4-14,PALO COMADO CANYON,4, ,TRIUNFO CANYON DRAINAGE,"from Ventura County Line for a distance of 18,600 feet northerly",3.53, ,0.0452871215880854
85,V1-10,CROOKED CREEK,1, ,VENTURA RIVER WATERSHED,"tributary to San Antonio Creek at mile 8.4 from mouth for a distance of 6,300 feet",1.19, ,0.0187408803391262
86,V1-19,GRIDLEY CANYON,1, ,VENTURA RIVER WATERSHED,"tributary to San Antonio Creek from confluence of San Antonio creek and Senior Canyon for a distance of 3,900 feet",1.12, ,0.0182499885853648
87,V1-34,MIRA MONTE DRAIN,1, ,VENTURA RIVER WATERSHED,"tributary to Happy Valley Drain South, from mouth to 900 feet easterly of Loma Drive",0.68, ,0.0132944104044145
88,V1-41,SAN ANTONIO CREEK,1, ,VENTURA RIVER WATERSHED,"tributary to ventura River at mile 7.8, from mouth to confluence of Gridley Canyon and Senior Canyon",9.73, ,0.160001261952479
89,V1-48,SYCAMORE CREEK,1, ,VENTURA RIVER WATERSHED,"tributary to Lion Canyon at mile 7.5, from mouth for a distance of 6,100 feet northeasterly",1.16, ,0.0197188550254001
90,V1-14,EAST FORK COYOTE CREEK,1, ,VENTURA RIVER WATERSHED,"tributary to Coyote Creek at mile 4.0, from mouth for a distance of 1,300 feet",0.25, ,0.00317486326318101
91,V1-22,HAPPY VALLEY DRAIN SOUTH,1, ,VENTURA RIVER WATERSHED,"tributary to Ventura River at mile 10.7, from mouth to Lomita Drive",2.29, ,0.0390267338551187
92,V1-25,LEON CANYON,1, ,VENTURA RIVER WATERSHED,"tributary to Canada Larga at mile 3.5, from mouth for a distance of 5,070 feet southeasterly",0.96, ,0.0184864080830444
93,V1-49,THACHER CREEK,1, ,VENTURA RIVER WATERSHED,"tributary to San Antonio Creek at mile 7.3, from mouth to a point 4,900 feet northeasterly of Thacer Road",4.44, ,0.072548893865821
94,Z1-oth,SOUTH EAST FORK LIVE OAK TRIBUTARY,1, , ,Not found in Channels within the Comprehensive Plan of the Ventura County Flood Control District, , ,0.00637926248157274
95,V1-55,WEST FORK SENIOR CANYON,1, ,VENTURA RIVER WATERSHED,"tributary to Senior Canyon at mile 1.8 from mouth for a distance of 2,700 feet",0.51, ,0.00848354103830533
96,V1-23,HERMITAGE WASH,1, ,VENTURA RIVER WATERSHED,"tributarty to Dron Creek at mile 4.0, from mouth for a distance of 2,100 feet",0.40, ,0.00939914404742204
97,V1-50,VENTURA RIVER,1, ,VENTURA RIVER WATERSHED,from Pacific Ocean to junction with Matilija Creek near Matilija Road South,15.50, ,0.242549383961835
98,V1-6,CHAPARRAL ROAD DRAIN,1, ,VENTURA RIVER WATERSHED,"tributary to McNell Creek at mile 2.1 from mouth for a distance of 3,000 feet",0.57, ,0.00887162686100775
99,V1-20,HAMMOND CANYON,1, ,VENTURA RIVER WATERSHED,"tributary to Sulphur Canyon at mile 0.4, from mouth for a distance of 15,400 feet northeasterly",2.92, ,0.0553954196482779
100,V1-44,SKYLINE DRAIN,1, ,VENTURA RIVER WATERSHED,"tributary to Ventura River at mile 9.8, from mouth to State Route 33 then parallel to Highway on west side to the old Skyline Channel near Valley Meadows Drive",1.23, ,0.0196558997218449
101,V1-45,STANLEY AVENUE DRAIN,1, ,VENTURA RIVER WATERSHED,"tributary to Ventura River at mile 1.6, from mouth through the river levee",0.02, ,0.0031041199524766
102,V1-40,REEVES CREEK,1, ,VENTURA RIVER WATERSHED,"tributary to Thacher Creek at mile 2.2, from mouth for a distance of 15,600 feet",2.96, ,0.0498381063011318
103,V1-53,WELDON CANYON,1, ,VENTURA RIVER WATERSHED,"tributary to Ventura River at mile 5.0, from mouth for a distance of 14,000 feet",2.66, ,0.0434341796299279
104,V1-30,MCANDREW WASH,1, ,VENTURA RIVER WATERSHED,"tributary to Reeves Creek at mile 0.2 from mouth for a distance of 5,900 feet",1.12, ,0.0189887947442801
105,Z1-oth,PARK VIEW DRAIN,1, , ,Not found in Channels within the Comprehensive Plan of the Ventura County Flood Control District, , ,0.000891062258542744
106,V1-3,CANADA DE SAN JOAQUIN,1, ,VENTURA RIVER WATERSHED,"tributary to Ventura River at mile 2.5, from mouth for a distance of 7,200 feet",1.36, ,0.0253723573982213
107,V1-2,CANADA DE ALISO,1, ,VENTURA RIVER WATERSHED,"tributary to Canada Larga at mile 2.5, from mouth for a distance of 9,600 feet northerly",1.82, ,0.0296109510939555
108,V1-4,CANADA LARGA,1, ,VENTURA RIVER WATERSHED,"tributary to Ventura River at mile 4.5, from outh for a distance of 36,400 feet",6.89, ,0.107627253906266
109,Z1-oth,HAPPY VALLEY DRAIN TRIBUTARY,1, , ,Not found in Channels within the Comprehensive Plan of the Ventura County Flood Control District, , ,0.000429218715909468
110,Z1-oth,STORMDRAIN - EAST OJAI,1, , ,Not found in Channels within the Comprehensive Plan of the Ventura County Flood Control District, , ,0.00389582254071121
111,V1-15,EAST FORK SENIOR CANYON,1, ,VENTURA RIVER WATERSHED,"tributary to Senior Canyon at mile 2.2 from mouth for a distance of 1,200 feet",0.23, ,0.00319603236138955
112,V1-21,HAPPY VALLEY DRAIN,1, ,VENTURA RIVER WATERSHED,"tributary to Ventura River at mile 12.6, from mouth along Lomita Drive, then notheasterly to State Route 33",1.53, ,0.0314695602840704
113,V1-18,FRESNO CANYON,1, ,VENTURA RIVER WATERSHED,"tributary to Ventura River at mile 6.8, from mouth to a point 3,600 feet north-easterly of State Route 33",0.93, ,0.0152425515613897
114,V1-38,OAK VIEW DRAIN,1, ,VENTURA RIVER WATERSHED,"tributary to Ventura River at mile 8.5, from mouth along High Street to Donna Street",0.97, ,0.0200919525287342
115,V1-36,MIRROR LAKE TRIBUTARY,1, ,VENTURA RIVER WATERSHED,"tributary to Mirror Lake Drain at mile 0.3, from mouth to a distance of 400 feet",0.08, ,0.00246012732138063
116,V1-37,NORTH FORK MATILIJA,1, ,VENTURA RIVER WATERSHED,"tributary to Ventura River at mile 15.5 from mouth for a distance of 15,400 feet",2.92, ,0.0508694167455113
117,V1-46,STEWART CANYON,1, ,VENTURA RIVER WATERSHED,"tributary to San Antonio Creek at mile 6.2, from mouth to a point 5,000 feet northwesterly of the debris basin",2.73, ,0.0432750062024007
118,Z1-oth,WEST FORK LIVE OAK TRIBUTARY,1, , ,Not found in Channels within the Comprehensive Plan of the Ventura County Flood Control District, , ,0.00201157506121379
119,V1-52,VINCE STREET DRAIN,1, ,VENTURA RIVER WATERSHED,"tributary to Ventura River at mile 1.1, from mouth through river levee",0.02, ,0.00293553999860357
120,V1-33,MCNELL CREEK,1, ,VENTURA RIVER WATERSHED,"tributary to San Antonio Creek at mile 7.8, from mouth to a point just downstream of Thacher School",3.03, ,0.0509682517754193
121,V1-11,DENNISON ROAD TRIBUTARY,1, ,VENTURA RIVER WATERSHED,"tributary to Lion Canyon at mile 5.1, from mouth for a distance of 4,200 feet",0.80, ,0.0121844916544856
122,V1-26,LION CANYON,1, ,VENTURA RIVER WATERSHED,"tributary to San Antonio Creek at mile 4.5, from mouth to 5,000 feet easterly of confluence with Big Canyon",8.52, ,0.146279405659267
123,V1-24,LADERA CREEK,1, ,VENTURA RIVER WATERSHED,"tributary to Gridley Canyon Creek at mile 0.06 from mouth for a distance of 3,800 feet",0.72, ,0.0109792056182404
124,V1-7,COOPER CANYON,1, ,VENTURA RIVER WATERSHED,"tributary to Santa Ana Creek at mile 2.0 from mouth for a distance of 2,300 feet northeasterly",0.44, ,0.00687433951440199
125,Z1-oth,HAPPY VALLEY DRAIN V,1, , ,Not found in Channels within the Comprehensive Plan of the Ventura County Flood Control District, , ,0.0016612596494643
126,V1-16,EAST OJAI DRAIN,1, ,VENTURA RIVER WATERSHED,"tributary to San Antonio Creek at mile 7.5, from mouth to 680 feet northerly of Pleasant Avenue",1.36, ,0.0220108387114942
127,Z1-oth,COYOTE CREEK_CASITAS,1,Connection, ,Not found in Channels within the Comprehensive Plan of the Ventura County Flood Control District, , ,0.0474921333092806
128,V1-12,DENT DRAIN,1, ,VENTURA RIVER WATERSHED,"tributary to Ventura River at mile 2.1, from mouth to and including the debris basin",1.06, ,0.0165548324848251
129,V1-39,POPLIN CREEK,1, ,VENTURA RIVER WATERSHED,"tributary to Coyote Creek at State Route 150 from mouth to a point 1,000 feet north of National Forest Boundary",1.80, ,0.0267981809575724
130,Z1-oth,EAST LIVE OAK TRIBUTARTY TO RANCHO MATILIJA DIV,1, , ,Not found in Channels within the Comprehensive Plan of the Ventura County Flood Control District, , ,0.0241788369776092
131,V1-9,COZY DELL CANYON,1, ,VENTURA RIVER WATERSHED,"tributary to Ventura River at mile 13.3, from mouth for a distance of 12,300 feet northeasterly",2.33, ,0.0438297856924855
132,V1-17,FOX CANYON BARRANCA,1, ,VENTURA RIVER WATERSHED,"tributary to Stewart Canyon at mile 0.4, from mouth to Los Padres National Forest Boundary",1.93, ,0.0306809151934307
133,V1-32,MCDONALD CANYON DRAIN SOUTH,1, ,VENTURA RIVER WATERSHED,"tributary to Happy Valley Drain at mile 0.12, from mouth to Fairview Avenue",1.17, ,0.0187957634423382
134,V1-35,MIRROR LAKE DRAIN,1, ,VENTURA RIVER WATERSHED,"tributary to Ventura River mile 10.6, from mouth to Mirror Lake",0.55, ,0.0108447924595001
135,V1-31,MCDONALD CANYON DRAIN,1, ,VENTURA RIVER WATERSHED,"tributary to Cozy Dell Canyon at mile 0.15, from mouth to a point just downstream of Camp Ramah",1.33, ,0.0227685806229599
136,V1-1,BIG CANYON,1, ,VENTURA RIVER WATERSHED,"tributary to Lion Canyon at mile 7.5 from mouth for a distance of 6,100 feet south",1.16, ,0.0174195061453526
137,V1-5,COCHE CANYON,1, ,VENTURA RIVER WATERSHED,"tributary to Canada Larga at mile 4.0, from mouth for a distance of 11,900 feet northerly",2.25, ,0.0359786829826303
138,V1-13,DRON CREEK,1, ,VENTURA RIVER WATERSHED,"tributary to San Antonio Creek at mile 8.6, from mouth for a distance of 5,500 feet",1.04, ,0.0167356686733115
139,V1-27,LIVE OAK CREEK,1, ,VENTURA RIVER WATERSHED,"tributary to Ventura River at mile 8.6, from mouth to a point 2,400 feet north-westerly of State Route 150",3.98,Note: Live Oak Creek diverts through Live Oak Creek Diversion,0.0220820172683471
140,V1-28,MANUEL CANYON,1, ,VENTURA RIVER WATERSHED,"tributary to Ventura River at mile 3.9, from mouth for a distance of 9,000 feet easterly",1.70, ,0.0307042567995209
141,V1-42,SANTA ANA CREEK,1, ,VENTURA RIVER WATERSHED,"from Casitas Lake 4,000 feet north to State Route 150 and continuing upstream for a total distance of 17,900 feet",3.39, ,0.0456585907275217
142,V1-27,LIVE OAK CREEK - SOUTH,1, ,VENTURA RIVER WATERSHED,"tributary to Ventura River at mile 8.6, from mouth to a point 2,400 feet north-westerly of State Route 150",3.98,Note: Live Oak Creek diverts through Live Oak Creek Diversion,0.0305189959973312
143,V1-47,SULPHUR CANYON,1, ,VENTURA RIVER WATERSHED,"tributary to Canada Larga at mile 4.4, from mouth for a distance of 9,600 feet northerly",1.82, ,0.0297927482286903
144,V1-54,WEST FORK COYOTE CREEK,1, ,VENTURA RIVER WATERSHED,"tributary to Coyote Creek at mile 4.4, from mouth for a distance of 8,600 feet",1.63, ,0.0276494923975617
145,S2-41,FRANKLIN BARRANCA,2, ,SANTA CLARA RIVER WATERSHED,"tributary to Santa Clara River at mile 8.2, from mouth to and including debris basin",3.14, ,0.05038790537357
146,S2-1,ADAMS BARRANCA,2, ,SANTA CLARA RIVER WATERSHED,"tributary to Santa Clara River at mile 12.5, from mouth northwesterly to Foothill Road and continuing for an additional 32,100 feet",8.05, ,0.134296814975848
147,S2-10,BASOLO DITCH,2, ,SANTA CLARA RIVER WATERSHED,"tributary to Santa Clara River at mile 24.2, from mouth for a distance of 6,000 feet",1.15, ,0.0195183168847832
148,S2-20,CAMP BARTLETT CREEK,2, ,SANTA CLARA RIVER WATERSHED,"tributary to Sisar Creek at mile 1.1, from mouth for a distance of 4,700 feet",0.89, ,0.015372244512509
149,S2-53,KOENIGSTEIN ROAD WASH,2, ,SANTA CLARA RIVER WATERSHED,"tributary to Sisar Creek at mile 2.7, from mouth for a distance of 1,700 feet",0.32, ,0.00637788601142707
150,S2-68,ONDULANDO BARRANCA,2, ,SANTA CLARA RIVER WATERSHED,"tributary to Harmon Barranca at mile 3.0, from mouth Parallel and adjacent to Foothill Road, for a distance of 2,300 feet, then northerly to Via Baja",0.51, ,0.0093364593722315
151,S2-92,WASON BARRANCA,2, ,SANTA CLARA RIVER WATERSHED,"tributary to Franklin Barranca at mile 0.7, to 10,900 feet notherly of Foothill Road",4.09, ,0.071763735835099
152,S2-100,WHEELER CANYON WEST FORK,2, ,SANTA CLARA RIVER WATERSHED,"tributary to Todd Barranca at mile 7.9, from mouth for a distance of 5,000 feet",0.95, ,0.0148504839349708
153,S2-8,BALDY CANYON,2, ,SANTA CLARA RIVER WATERSHED,"tributary to Hopper Canyon at mile 7.2, from mouth to 750 feet east of Sespe Street",0.57, ,0.00904911777895898
154,S2-45,HARMON BARRANCA,2, ,SANTA CLARA RIVER WATERSHED,"tributary to Santa Clara River at mile 4.3, from mouth for a distance of 20,500 feet northerly of Foothill Road",7.07, ,0.113555046352775
155,S2-58,MAGNOLIA DRIVE CREEK,2, ,SANTA CLARA RIVER WATERSHED,"tributary to Santa Paula Creek at mile 2.0, from mouth for a distance of 6,300 feet",1.19, ,0.0184721936240855
156,S2-74,REAL CANYON,2, ,SANTA CLARA RIVER WATERSHED,"tributary to Santa Clara River at mile 30.1, from mouth to and including debris basin",1.80, ,0.0289207379730265
157,S2-93,WASON CANYON WEST BRANCH,2, ,SANTA CLARA RIVER WATERSHED,"tributary to Wason Barranca at mile 3.2, from mouth for a distance of 2,600 feet",0.49, ,0.00763116286410502
158,S2-101,WILLOUGHBY CANYON,2, ,SANTA CLARA RIVER WATERSHED,"tributary to Ellsworth Barranca at mile 6.0, from mouth westery for a distance of 6,000 feet",1.14, ,0.0201499004263798
159,S2-28,EAST FORK SANTA PAULA CREEK,2, ,SANTA CLARA RIVER WATERSHED,"tributary to Santa Paula Creek at mile 8.9, from mouth for a distance of 12,500 feet",2.37, ,0.0368878672690947
160,S2-37,FAIRVIEW CANYON,2, ,SANTA CLARA RIVER WATERSHED,"tributary to Santa Clara River at mile 26.4, from mouth northerly for a distance of 4,300 feet",0.81, ,0.0112066715798637
161,S2-60,MOON DITCH,2, ,SANTA CLARA RIVER WATERSHED,"tributary to the Santa Clara River at mile 4.1, from mouth to Bristol Road",1.16, ,0.0214991965241621
162,S2-72,POLE CREEK,2, ,SANTA CLARA RIVER WATERSHED,"tributary to Santa Clara River at mile 24.3, from mouth for a distance of 41,400 feet",7.84, ,0.134051626310669
163,S2-15,BOOSEY CANYON,2, ,SANTA CLARA RIVER WATERSHED,"tributary to Timber Canyon at mile 1.2, from mouth for a distance of 5,200 feet",0.99, ,0.0152746882522132
164,S2-33,ELLSWORTH CANYON,2, ,SANTA CLARA RIVER WATERSHED,"tributary to Ellsworth Barranca at mile 5.4, from mouth westerly for a distance of 4,300 feet",0.81, ,0.0201494879725379
165,S2-42,GRIMES CANYON WASH,2, ,SANTA CLARA RIVER WATERSHED,"tributary to Santa Clara River at mile 23.1, from mouth for a distance of 22,000 feet",4.16, ,0.0643889939930146
166,S2-43,HAINES BARRANCA,2, ,SANTA CLARA RIVER WATERSHED,"tributary to Santa Clara River at mile 12.3, from mouth to Foothill Road then northwesterly for a total distance of 26,100 feet",4.94, ,0.0882579862132666
167,S2-76,SALTMARSH CANYON,2, ,SANTA CLARA RIVER WATERSHED,"tributary to Adams Barranca at mile 6.7, from mouth for a distance of 11,700 feet westerly",2.21, ,0.0442142391866265
168,S2-102,WILLOUGHBY CANYON SOUTH BRANCH,2, ,SANTA CLARA RIVER WATERSHED,"tributary to Willoughby Canyon at mile 0.82, from mouth southerly for a distance of 2,000 feet",0.38, ,0.00616366442842779
169,S2-98,WEST TRIBUTARY POLE CREEK,2, ,SANTA CLARA RIVER WATERSHED,"tributary to Pole Creek at mile 7.0, from mouth for a distance of 1,100 feet",0.21, ,0.00351002558281127
170,S2-23,CLARK BARRANCA,2, ,SANTA CLARA RIVER WATERSHED,"tributary to Sanata Clara River at mile 6.3, from mouth to Foothill Road",2.69, ,0.0443550255785844
171,S2-51,KEEFE DITCH,2, ,SANTA CLARA RIVER WATERSHED,"tributary to Sespe Creek at mile 3.6, from mouth for a distance of  5,600 feet",1.06, ,0.0186783805289313
172,S2-73,RANCHO MISSION CREEK,2, ,SANTA CLARA RIVER WATERSHED,"tributary to Aliso Canyon West Fork at mile 2.4, from mouth for a distance of 1,900 feet",0.36, ,0.00527220440361523
173,S2-90,WARRING CANYON,2, ,SANTA CLARA RIVER WATERSHED,"tributary to Real Canyon at mile 0.9, from mouth to and including debirs basin, then north for a total distance of 9,900 feet",1.87, ,0.031166160659994
174,S2-21,CAVIN ROAD DRAIN,2, ,SANTA CLARA RIVER WATERSHED,from Santa Clara River northerly to and including debris basin,0.80, ,0.0118857246897693
175,Z2-oth,EAST ONDULANDO DRAIN,2, , ,Not found in Channels within the Comprehensive Plan of the Ventura County Flood Control District, , ,0.000472081523616443
176,S2-55,LIME CANYON,2, ,SANTA CLARA RIVER WATERSHED,"tributary to Piru Creek at mile 5.2, from mouth, northwestly for a distance of 9,800 feet to Natinal Forest Boundary",1.86, ,0.0317215429975373
177,Z2-oth,STROUBE DRAIN,2, , ,Not found in Channels within the Comprehensive Plan of the Ventura County Flood Control District, , ,0.0117935362299191
178,S2-86,TAPO CANYON,2, ,SANTA CLARA RIVER WATERSHED,"tributary to Santa Clara River at mile 34.8, from mouth southeasterly for a distance of 17,200 feet",3.26, ,0.0483279334324827
179,S2-94,WEST FORK ORCUTT CANYON,2, ,SANTA CLARA RIVER WATERSHED,"tributary to Orcutt Canyon at mile 1.9, from mouth for a distance of 9,200 feet",1.74, ,0.0282103183723484
180,S2-12,BEAR CANYON,2, ,SANTA CLARA RIVER WATERSHED,"tributarty to Sisar Creek, from mouth for a distance of 9,500 feet",1.80, ,0.0289094459091938
181,S2-13,BEAR CREEK,2, ,SANTA CLARA RIVER WATERSHED,"tributary to Santa Clara River at mile 20.1, from mouth north to Telegraph road, then northwest for a total distance of 15,300 feet",2.89, ,0.0488491493175945
182,S2-34,EL RIO DRAIN,2, ,SANTA CLARA RIVER WATERSHED,"tributary to Santa Clara River at mile 4.1, from mouth to State Route 1, then easterly under U.S. 101 to Ventura Boulevard",1.70, ,0.0311029169312345
183,S2-52,KEEFE DITCH NORTH FORK,2, ,SANTA CLARA RIVER WATERSHED,"tributary to Keefe Ditch at mile 0.9, from mouth for a distance of 1,200 feet northwesterly",0.23, ,0.00322290404007297
184,S2-57,LOFTUS CANYON,2, ,SANTA CLARA RIVER WATERSHED,"tributary to Balcom Canyon Wash at mile 1.0, from mouth for a distance of  3,100 feet",0.59, ,0.0090777557713082
185,S2-61,MUD CREEK CANYON,2, ,SANTA CLARA RIVER WATERSHED,"tributary to Santa Paul Creek at mile 3.5, from mouth northeasterly for a distance of 15,600 feet",2.95, ,0.0524080321078552
186,S2-3,ALISO CANYON WEST FORK,2, ,SANTA CLARA RIVER WATERSHED,"tributary to Ellsworth Barranca at mile 6.6, from mouth for a distance of 15,800 feet",3.00, ,0.0470708663123526
187,S2-30,ECHO FALLS CANYON,2, ,SANTA CLARA RIVER WATERSHED,"tributary to Santa Paula Creek at mile 7.2, from mouth for a distance of 6,600 feet",1.25, ,0.01958625645665
188,S2-48,HOPPER RANCH CREEK,2, ,SANTA CLARA RIVER WATERSHED,"tributary to Hopper Canyon at mile 7.4, from mouth for a distance of 1,200 feet",0.23, ,0.0141256390098481
189,S2-91,WARRING CANYON SOUTH,2, ,SANTA CLARA RIVER WATERSHED,"tributary to Santa Clara River at mile 30.2, from mouth to railroad",1.12, ,0.0157631880672613
190,S2-83,SUDDEN BARRANCA,2, ,SANTA CLARA RIVER WATERSHED,"tributary to Santa Clara River at mile 6.8, from mouth to 700 feet above Foothill Road",2.48, ,0.0421187801604835
191,S2-7,BALCOM CANYON WASH,2, ,SANTA CLARA RIVER WATERSHED,"tributary to Santa Clara River at mile 18.3, from mouth to Balcom Canyon Road and continuing for an additional 8,200 feet",3.16, ,0.060221506650626
192,S2-22,CENTENNIAL CREEK,2, ,SANTA CLARA RIVER WATERSHED,"tributary to Little Sespe Creek at confluence with Four Fork Creek for a distance of 1,800 feet",0.34, ,0.00545322954688621
193,S2-19,BROWN BARRANCA,2, ,SANTA CLARA RIVER WATERSHED,"tributary to Santa Clara River at mile 7.7, from mouth to 7,600 feet above Foothill road",3.70, ,0.0619859901424774
194,S2-36,FAGAN CANYON,2, ,SANTA CLARA RIVER WATERSHED,"tributary to Santa Clara River at mile 13.7, from river for a distance of 23,300 feet",4.41, ,0.0676462092629749
195,S2-82,SOUTH BRANCH ALISO CANYON,2, ,SANTA CLARA RIVER WATERSHED,"tributary to Ellsworth barranca at mile 9.1, from mouth for a distance of 2,900 feet",0.55, ,0.00929749364619075
196,S2-75,REIMER DITCH,2, ,SANTA CLARA RIVER WATERSHED,"tributary to Santa Clara River at mile 19.3, from mouth for a distance of 19,600 feet through Bardsdale",3.72, ,0.0624104167309716
197,S2-84,SULPHUR MOUNTAIN CREEK,2, ,SANTA CLARA RIVER WATERSHED,"tributary to Ellsworth Barranca at mile 9.0, from mouth for a distance of 3,400 feet",0.64, ,0.00968618386371905
198,Z2-oth,CENTRAL AVENUE DRAIN,2, , ,Not found in Channels within the Comprehensive Plan of the Ventura County Flood Control District, , ,0.0123871696872968
199,S2-31,EDWARDS CANYON,2, ,SANTA CLARA RIVER WATERSHED,"tributary to Santa Clara River at mile 29.3, from mouth for a distance of 8,900 feet",1.67, ,0.0270361923428326
200,S2-44,HAMPTON CANYON,2, ,SANTA CLARA RIVER WATERSHED,"tributary to Todd Barranca at mile 7.3, from mouth to a distance of 4,000 feet",0.76, ,0.0122526452483673
201,S2-59,MODELO CANYON,2, ,SANTA CLARA RIVER WATERSHED,"tributary to Piru Creek at mile 2.6, from mouth for a distance of 7,500 feet",1.42, ,0.0248238436538393
202,S2-16,BOULDER CREEK-LORD CREEK,2, ,SANTA CLARA RIVER WATERSHED,"tributary to Sespe Creek at mile 0.3, from mouth for a distance of 19,200 feet to National Forest Boundary",3.64, ,0.079207573188041
203,S2-26,EAST FORK LORD CREEK,2, ,SANTA CLARA RIVER WATERSHED,"tributary to Boulder Creek - Lord Creek at mile 0.6, from mouth for a distance of 8,400 feet",1.59, ,0.0241048206059251
204,S2-39,FOOTHILL DRAIN,2, ,SANTA CLARA RIVER WATERSHED,"tributary to Harmon Barranca 400 feet south of Foothill Road from mouth northeasterly to Kimball Road then along Foothill Road for a distance of 1,700 feet",0.32, ,0.00563284844423251
205,S2-50,JEPSON WASH,2, ,SANTA CLARA RIVER WATERSHED,"tributary to Sespe Creek at mile 3.3, from mouth to debris basin, then westerly for a distance of 7,900 feet",1.49, ,0.0254189626884798
206,S2-46,HOLSER CANYON,2, ,SANTA CLARA RIVER WATERSHED,"tributary to Piru Creek at mile 4.4, from mouth running easterly for a distance of 15,400 feet",2.91, ,0.0474859835190222
207,S2-88,TODD BARRANCA,2, ,SANTA CLARA RIVER WATERSHED,"tributary to Santa Clara River at mile 10.5, from mouth to north end of Wheeler Canyon Road, then northwesterly for an additional distance of 4,000 feet",9.41, ,0.152117328948313
208,S2-69,ORCUTT CANYON,2, ,SANTA CLARA RIVER WATERSHED,"tributary to Santa Clara River at mile 16.1, from mouth for a distance of 24,200 feet",4.59, ,0.0684855118232763
209,S2-65,OAT MOUNTAIN CREEK,2, ,SANTA CLARA RIVER WATERSHED,"tributary to Pole Creek at mile 4.7, northwesterly for a distance of 1,600 feet",0.30, ,0.00474706869692573
210,S2-85,SUMMIT CREEK,2, ,SANTA CLARA RIVER WATERSHED,"tributary to Ellsworth Barranca at mile 8.7, from mouth for a distance of 3,600 feet",0.68, ,0.0107032977650361
211,S2-25,CUMMINGS ROAD DRAIN,2, ,SANTA CLARA RIVER WATERSHED,"tributary to Santa Clara River at mile 11.3, from mouth to Foothill Road",1.84, ,0.0384676806143867
212,S2-32,ELLSWORTH BARRANCA,2, ,SANTA CLARA RIVER WATERSHED,"tributary to Santa Clara River at mile 9.1, from mouth to 26,500 feet above Foothill Road",9.68, ,0.166355540633831
213,S2-47,HOPPER CANYON,2, ,SANTA CLARA RIVER WATERSHED,"tributary to Santa Clara River at mile 28.2, from mouth for a distance of 45,100 feet to National Forest Boundary",8.50, ,0.145390322530538
214,S2-9,BARDSDALE DITCH,2, ,SANTA CLARA RIVER WATERSHED,"tributary to Santa Clara River at mile 21.1, from mouth to 750 feet east of Sespe Street",1.51, ,0.0275824256652227
215,S2-17,BOULDER CREEK TRIBUTARY,2, ,SANTA CLARA RIVER WATERSHED,"tributary to Boulder Creek - Lord Creek at mile 2.6, from mouth for a distance of 3,200 feet",0.61, ,0.0110579649202662
216,S2-24,CORRAL CANYON,2, ,SANTA CLARA RIVER WATERSHED,"tributary to Aliso Canyon West Fork at mile 0.57, from mouth for a distance of 2,500 feet",0.48, ,0.00770306056882265
217,S2-4,ANLAUF CANYON,2, ,SANTA CLARA RIVER WATERSHED,"tributary to Santa Paula Creek at mile 5.9, from mouth for a distance of 6,400 feet",1.21, ,0.0224995695290337
218,S2-14,BLANCHARD CANYON,2, ,SANTA CLARA RIVER WATERSHED,"tributary to Piru Creek at mile 4.7, from mouth for a distance of 3,500 feet",0.66, ,0.0117544610986294
219,S2-35,EUREKA CANYON,2, ,SANTA CLARA RIVER WATERSHED,"tributary to Tapo Canyon at mile 1.4, from mouth westerly and southerly for a distance of 6,300 feet",1.19, ,0.0209303468349819
220,S2-71,PIRU CREEK,2, ,SANTA CLARA RIVER WATERSHED,"tributary to Santa Clara River at mile 31.1, from mouth northerly past Center Street Bridge and continuing to within 2,700 feet of Santa Felicia Dam",5.53, ,0.0844333851215388
221,S2-66,O'LEARY CREEK,2, ,SANTA CLARA RIVER WATERSHED,"tributary to Santa Clara River at mile 19.3, from mouth for a distance of 20,900 feet northwesterly",3.95, ,0.0652916575405351
222,S2-89,TOM'S CANYON,2, ,SANTA CLARA RIVER WATERSHED,"tributary to Hopper Canyon at mile 3.0, from mouth for a distance of 14,000 feet",2.65, ,0.044577299922255
223,S2-27,EAST FORK POLE CREEK,2, ,SANTA CLARA RIVER WATERSHED,"tributary to Pole Creek at mile 6.7, from mouth for a distance of 2,600 feet",0.49, ,0.00795060006000868
224,S2-40,FOUR FORK CREEK,2, ,SANTA CLARA RIVER WATERSHED,tributary to Little Sespe Creek from confluence with Centennial Creek to National Forest boundary,0.66, ,0.0113385888370061
225,S2-54,LA BROCHE CANYON,2, ,SANTA CLARA RIVER WATERSHED,"tributary to Santa Paula Creek at mile 7.7, from mouth for a distance of 4,400 feet",0.83, ,0.0139860196980443
226,S2-64,OAK RIDGE CANYON,2, ,SANTA CLARA RIVER WATERSHED,"tributary to Eureka Canyon at mile 0.2, from mouth for a distance of 4,600 feet",0.87, ,0.0134810326112632
227,S2-63,NORTH BRANCH ALISO CANYON,2, ,SANTA CLARA RIVER WATERSHED,"tributary to Ellsworth Barranca at mile 9.6, from mouth for a distance of 1,400 feet",0.27, ,0.00429294590896186
228,S2-62,NORTH FORK POLE CREEK,2, ,SANTA CLARA RIVER WATERSHED,"tributary to Pole Creek at mile 2.9, from mouth for a distance of 5,500 feet",1.05, ,0.0172457595012305
229,S2-70,PECK ROAD DRAIN,2, ,SANTA CLARA RIVER WATERSHED,"tributary to Santa Clara River at mile 13.3, from mouth to Foothill Road",1.53, ,0.0247257205851006
230,S2-56,LITTLE SESPE CREEK,2, ,SANTA CLARA RIVER WATERSHED,"tributary to Sespe Creek at mile 6.0, from mouth for a distance of 8,200 feet",1.55, ,0.0275697350436135
231,S2-78,SANTA PAULA CREEK,2, ,SANTA CLARA RIVER WATERSHED,"tributary to Santa Clara River at mile 15.4, from mouth to confluence with Sisar Creek, then northeasterly for a total distance of 53,300 feet",10.09, ,0.1621172855858
232,S2-77,SANTA CLARA RIVER,2, ,SANTA CLARA RIVER WATERSHED,from Pacific Ocean to Los Angeles County Line,37.69, ,0.650310387058849
233,S2-11,BASOLO DITCH WEST TRIBUTARY,2, ,SANTA CLARA RIVER WATERSHED,"tributary to Basolo Ditch at mile 0.7, from mouth for a distance of 6,300 feet",1.19, ,0.0201486716892893
234,S2-18,BRIGGS ROAD DRAIN,2, ,SANTA CLARA RIVER WATERSHED,"tributary to Santa Clara River at mile 11.5, from mouth to Middle Road",1.72, ,0.0269266645963303
235,S2-38,FERNDALE CREEK,2, ,SANTA CLARA RIVER WATERSHED,"tributary to Santa Paula Creek at mile 7.1, from mouth for a distance of 7,100 feet",1.34, ,0.023431008959089
236,S2-87,TIMBER CANYON,2, ,SANTA CLARA RIVER WATERSHED,"tributary to Santa Clara River at mile 16.8, from mouth for a distance of 26,100 feet",4.49, ,0.0768442701827135
237,S2-6,BALCOM CANYON EAST TRIBUTARY,2, ,SANTA CLARA RIVER WATERSHED,"tributary to Balcom Canyon Wash at mile 2.8, from mouth for a distance of 1,900 feet",0.36, ,0.00620536562586638
238,S2-29,EAST TRIBUTARY TAPO CANYON,2, ,SANTA CLARA RIVER WATERSHED,"tributary to Tapo Canyon at mile 2.2, from mouth for a distance of 4,500 feet",0.85, ,0.014550329580774
239,S2-81,SISAR CREEK,2, ,SANTA CLARA RIVER WATERSHED,"tributary to Santa Paula Creek at mile 6.35, from mouth for a distance of 27,200 feet",5.15, ,0.084725555786292
240,S2-67,O'LEARY CREEK TRIBUTARY,2, ,SANTA CLARA RIVER WATERSHED,"tributary to O'Leary Creek at mile2.6, from mouth for a distance of 1,500 feet",0.28, ,0.00436677759663027
241,S2-80,SESPE CREEK,2, ,SANTA CLARA RIVER WATERSHED,"tributary to Santa Clara River at mile 21.2, from mouth to confluence with Little Sespe Creek then north and northeasterly for a total distance of 41,900 feet",7.94,correction: flows north and northwesterly,0.122245846256947
242,S2-79,SATICOY DRAIN,2, ,SANTA CLARA RIVER WATERSHED,"tributary to Brown Barranca at mile 0.6, from mouth to State Route 126",0.61, ,0.0113557312356418
243,S2-99,WHEELER CANYON EAST FORK,2, ,SANTA CLARA RIVER WATERSHED,"tributary to Todd Barranca at mile 8.9, from mouth for a distance of 3,400 feet",0.64, ,0.00957098267470586
244,S2-5,ANLAUF CANYON NORTH BRANCH,2, ,SANTA CLARA RIVER WATERSHED,"tributary too Anlauf Canyon at mile 0.15 from mouth for a distance of 1,800 feet",0.34, ,0.00596616052665377
245,S2-95,WEST LATERAL HOPPER CANYON,2, ,SANTA CLARA RIVER WATERSHED,"tributary to Hopper Canyon at mile 8.4, from mouth to National Forest Boundary",0.25, ,0.00371678325909814
246,S2-97,WEST SESPE CREEK OVERFLOW,2, ,SANTA CLARA RIVER WATERSHED,"tributary to Santa Clara River at mile 20.7, to Sespe Creek for a distance of 15,400 feet",2.92, ,0.0504966644345248
247,L4-1,BELL CANYON,4, ,LOS ANGELES RIVER BASIN,"from Los Angeles - Ventura County Line, westerly for a distance of 23,300 feet",4.42, ,0.0647310733068385
248,L4-2,BELL CANYON TRIBUTARY,4, ,LOS ANGELES RIVER BASIN,"tributary to Bell Canyon at mile 3.0, from mouth for a distance of 7,200 feet",1.36, ,0.0207524379638632
249,Z2-oth,NORTH EL RIO DRAIN,2, , ,Not found in Channels within the Comprehensive Plan of the Ventura County Flood Control District, , ,0.00366649416386827
250,C3-31,DRY CANYON,3, ,CALLEGUAS CREEK - ARROYO SIMI - CONEJO CREEK WATERSHED,"tributary to Arroyo Simi at mile 29.1, from mouth to 6,300 feet north of Avenida Simi",2.97, ,0.0560963871635168
251,R3-1,ANACAPA DRAIN,3, ,REVOLON CAHNNEL & BEARDSLEY CHANNEL,"tributary to Camarillo Hills Drain at Las Posas Road, from mouth to Anacapa Drive",0.11, ,0.00123507645397364
252,Z3-oth,DOUGLAS DRAIN,3, , ,Not found in Channels within the Comprehensive Plan of the Ventura County Flood Control District, , ,0.00470981585440746
253,C3-8,ARROYO SIMI,3, ,CALLEGUAS CREEK - ARROYO SIMI - CONEJO CREEK WATERSHED,"tributary to Arroyo Las Posas at Hitch Boulevard in Moorpark to 6,300 feet east of Kuehner Road in Simi Valley",18.24, ,0.326411354098628
254,C3-20,CAMPUS ROAD CANYON,3, ,CALLEGUAS CREEK - ARROYO SIMI - CONEJO CREEK WATERSHED,"tributary to No.2 Canyon at mile 1.1, from mouth for a distance of 15,200 feet northerly",2.88, ,0.0514451296937619
255,C3-9,BARBARA DRIVE DRAIN,3, ,CALLEGUAS CREEK - ARROYO SIMI - CONEJO CREEK WATERSHED,"tributary to Conejo Creek at mile 6.7, from mouth for a distance of 6,000 feet northeasterly",1.15, ,0.0176600510159556
256,C3-11,BIG MOUNTAIN OILFIELD CANYON,3, ,CALLEGUAS CREEK - ARROYO SIMI - CONEJO CREEK WATERSHED,"tributary to No. 2 Canyon at mile 1.8, from mouth for a distance of 9,500 feet",1.80, ,0.0358176492143167
257,C3-67,LONE OAK CANYON,3, ,CALLEGUAS CREEK - ARROYO SIMI - CONEJO CREEK WATERSHED,"tributary to Bus Canyon Drain at mile 3.6 for a distance of 5,000 feet",0.95, ,0.0156398530416207
258,C3-85,NORTH BRANCH HILL CANYON,3, ,CALLEGUAS CREEK - ARROYO SIMI - CONEJO CREEK WATERSHED,"tributary to Hill Canyon Channel at mile 0.4, from mouth for a distance of 1,000 feet northwesterly",0.19, ,0.00296005375159704
259,C3-81,NEWBURY PARK DRAIN NO.1,3, ,CALLEGUAS CREEK - ARROYO SIMI - CONEJO CREEK WATERSHED,"tributary to South Branch Arroyo Conejo at mile 2.4, from mouth to 1,000 feet south of Borchard Road",0.47, ,0.00418677163703611
260,R3-21,PLEASANT VALLEY DRAIN TRIBUTARY,3, ,REVOLON CHANNEL & BEARDSLEY CHANNEL,"tributary to Pleasant Valley Drain at Los Posas Road easterly along Pleasant Valley Road for a distance of 7,100 feet",1.34, ,0.023801154651377
261,Z3-oth,SANTA ROSA SCHOOL DRAIN,3, , ,Not found in Channels within the Comprehensive Plan of the Ventura County Flood Control District, , ,0.00264232021566323
262,C3-124,STRATHEARN CANYON,3, ,CALLEGUAS CREEK - ARROYO SIMI - CONEJO CREEK WATERSHED,"tributary to Arroyo Simi at mile 22.9, from mouth northerly for a distance of 9,300 feet",1.77, ,0.0267038592159479
263,C3-133,TIERRA REJADA CREEK,3, ,CALLEGUAS CREEK - ARROYO SIMI - CONEJO CREEK WATERSHED,"tributary to Arroyo Santa Rosa at mile 5.9, from mouth for a distance of 5,100 feet",0.96, ,0.0178527732272357
264,C3-144,WHITE OAK TRIBUTARY,3, ,CALLEGUAS CREEK - ARROYO SIMI - CONEJO CREEK WATERSHED,"tributary to White Oak Creek at mile 1.3, from mouth northwesterly for a distance of 3,200 feet",0.61, ,0.00971788908375388
265,C3-2,APPLETON ROAD DRAIN,3, ,CALLEGUAS CREEK - ARROYO SIMI - CONEJO CREEK WATERSHED,"tributary to Runkle Canyon at mile 0.5, from mouth along Royal Avenue and Appleton Road, a distance of 1,600 feet",0.25, ,0.00412842429589678
266,C3-51,HILLTOP LANE DRAIN,3, ,CALLEGUAS CREEK - ARROYO SIMI - CONEJO CREEK WATERSHED,"tributary to Conejo Creek at mile 5.5, from mouth northeasterly for a distance of 3,300 feet",0.63, ,0.00917346749347908
267,C3-73,MAHAN BARRANCA,3, ,CALLEGUAS CREEK - ARROYO SIMI - CONEJO CREEK WATERSHED,"tributary to Arroyo Las Posas at mile 14.4, from mouth to 11,800 feet north of Balcom Canyon Road",4.50, ,0.0681590636179357
268,R3-17,MISSION DRAIN,3, ,REVOLON CHANNEL & BEARDSLEY CHANNEL,"tributary to Camarillo Hills Drain at mile 4.1, from mouth to Las Posas Road and along Mission Drive to Anacapa Drive",1.61, ,0.024896487762142
269,R2-7,NYELAND DRAIN TRIBUTARY,2, ,REVOLON CHANNEL & BEARDSLEY CHANNEL,"tributary to Nylend Drain at mile 0.5, from east end of Friedrich Road to Ventura Boulevard, a distance of 2,000 feet",0.36, ,0.00975107931986917
270,Z3-oth,EAST LOS ROBLES DRAIN TRIBUTARY,3, , ,Not found in Channels within the Comprehensive Plan of the Ventura County Flood Control District, , ,0.000949019152646249
271,Z3-oth,TAPO HILLS DIVERSION DETENTION BASIN NO.2,3, , ,Not found in Channels within the Comprehensive Plan of the Ventura County Flood Control District, , ,0.00295777835660307
272,C3-114,SOMIS DRAIN,3, ,CALLEGUAS CREEK - ARROYO SIMI - CONEJO CREEK WATERSHED,"tributary to Calleguas Creek at mile 10.2, northwesterly to Lewis Road, then northerly to Las Posas Road",1.67, ,0.0257974846871587
273,C3-13,BOONE CANYON,3, ,CALLEGUAS CREEK - ARROYO SIMI - CONEJO CREEK WATERSHED,"tributary to Fox Barranca at mile 4.5, from mouth for a distance of 2,500 feet",0.47, ,0.00743888918574763
274,C3-18,BUS CANYON TRIBUTARY,3, ,CALLEGUAS CREEK - ARROYO SIMI - CONEJO CREEK WATERSHED,"from Bus Canyon at Royal Avenue to 1,200 feet south of Fitzgerald Road",1.12, ,0.0190409207729747
275,C3-54,HUMMINGBIRD TRIBUTARY,3, ,CALLEGUAS CREEK - ARROYO SIMI - CONEJO CREEK WATERSHED,"tributary to Hummingbird Creek at mile 0.8, from mouth for a distance of 5,600 feet",1.06, ,0.0176107520797878
276,C3-63,LAS LLAJAS CANYON,3, ,CALLEGUAS CREEK - ARROYO SIMI - CONEJO CREEK WATERSHED,"tributary to Arroyo Simi at mile 32.4, from mouth to confluence of Las Llajas Canyon and Chivo Canyon and continuing for a distance of 18,900 feet to the Los Angeles County Line",6.06, ,0.103025819548405
277,R3-14,LAS POSAS ROAD DRAIN,3, ,REVOLON CHANNEL & BEARDSLEY CHANNEL,"tributary to Revolon Channel at mile 3.2, from mouth to Las Posas Road and East Fifth Street",3.16, ,0.0562302009723662
278,C3-103,RUNKLE CANYON,3, ,CALLEGUAS CREEK - ARROYO SIMI - CONEJO CREEK WATERSHED,"tributary to Arroyo Simi at mile 29.4, from mouth for a distance of 11,500 feet to debris basin and an additional 4,800 feet upstream",3.09, ,0.0491094975431735
279,R2-12,WRIGHT ROAD DRAIN,2, ,REVOLON CHANNEL & BEARDSLEY CHANNEL,"tributary to Santa Clara Avenue Drain at mile 1.6, from mouth southeasterly along Wright Road for 400 feet",0.08, ,0.00145463087739126
280,Z3-oth,TAPO DIVERSION CONDUIT.,3, , ,Not found in Channels within the Comprehensive Plan of the Ventura County Flood Control District, , ,0.0025913794044825
281,C3-142,WEST TRIBUTARY STOCKTON ROAD DRAIN,3, ,CALLEGUAS CREEK - ARROYO SIMI - CONEJO CREEK WATERSHED,"tributary to Stockton Road Drain at Confluence with East Tributary Stockton Road Drain notherly for a distance of 2,400 feet",0.45, ,0.00668962869700274
282,C3-41,GABBERT CANYON,3, ,CALLEGUAS CREEK - ARROYO SIMI - CONEJO CREEK WATERSHED,"tributary to Arroyo Simi at mile 17.9, from mouth to and including debris basin, then continuing northerly and northeasterly for a distance of 1,500 feet",4.32, ,0.0703543208199627
283,C3-22,CASTANO CHANNEL,3, ,CALLEGUAS CREEK - ARROYO SIMI - CONEJO CREEK WATERSHED,"tributary to North Fork Arroyo Conejo at Moorpark Road, from mouth northeasterly 4,000 feet",0.74, ,0.0122356488616547
284,C3-45,GUADALASCA DRAIN,3, ,CALLEGUAS CREEK - ARROYO SIMI - CONEJO CREEK WATERSHED,"tributary to Calleguas Creek at mile 2.2, from mouth for a distance of 17,500 feet",3.31, ,0.0520559096794415
285,C3-60,KADOTA FIG DRAIN TRIBUTARY,3, ,CALLEGUAS CREEK - ARROYO SIMI - CONEJO CREEK WATERSHED,"tributary to Kadota Fig Drain at mile 2.3, from mouth to El Pardo Street",0.95,Given length of drain does not seem to fit actual length of drain,0.001146218624086
286,R3-15,MESA SCHOOL TRIBUTARY,3, ,REVOLON CHANNEL & BEARDSLEY CHANNEL,"tributary to Beardsley Channel at mile 10.4, from mouth northerly for a distance of 5,500 feet to S.R. 118, then westerly along S.R. 118 for 1,700 feet then northeasterly for an additional 6,500 feet",2.59, ,0.0414620785963689
287,C3-82,NEWBURY PARK DRAIN NO.2,3, ,CALLEGUAS CREEK - ARROYO SIMI - CONEJO CREEK WATERSHED,"tributary to South Branch Arroyo Conejo at mile 2.6, from mouth to the east property line of Newbury Park High School continuing to Reino Road and northwesterly for an additional 4,800 feet",1.11, ,0.0181534212889726
288,C3-79,MOORPARK STORM DRAIN NO.1,3, ,CALLEGUAS CREEK - ARROYO SIMI - CONEJO CREEK WATERSHED,"tributary to Walnut Canyon at High Street, from mout to Valley Road",0.25, ,0.00744943132942943
289,R3-24,SANTA CLARA DRAIN,3, ,REVOLON CHANNEL & BEARDSLEY CHANNEL,"tributary to Santa Clara Drain in Zone 1 at mile 0.7, from Los Angeles Avenue northeasterly for a distance of 11,200 feet",2.12, ,0.035224241754974
290,C3-118,SOUTH BRANCH ARROYO CONEJO,3, ,CALLEGUAS CREEK - ARROYO SIMI - CONEJO CREEK WATERSHED,"tributary to Arroyo Conejoa at mile 11.7, from mouth to Potrero Road",5.68, ,0.0755043235727731
291,R3-26,WEST CAMARILLIO HILLS DRAIN TRIBUTARY,3, ,REVOLON CHANNEL & BEARDSLEY CHANNEL,"tributary to West Camarillo Hills Drain at 400 feet south of Camarillo Drive for a distance of 1,500 feet",0.28, ,0.00484712620817905
292,R3-25,WEST CAMARILLIO HILLS DRAIN,3, ,REVOLON CHANNEL & BEARDSLEY CHANNEL,"tributary to Camarillo Hills Drain at mile 3.9, from mouth northerly, then northwesterly and northeasterly to and including the two debris basin",1.72, ,0.0262704188913625
293,C3-30,DONLON DRAIN,3, ,CALLEGUAS CREEK - ARROYO SIMI - CONEJO CREEK WATERSHED,"tributary to Puerta Zuela Barranca at Donlon Road northwesterly for a distance of 1,600 feet",0.30, ,0.00473296309898839
294,C3-23,CASTANO TRIBUTARY,3, ,CALLEGUAS CREEK - ARROYO SIMI - CONEJO CREEK WATERSHED,"tributary to Castano Channel at mile 0.4, from mouth northeasterly for 3,000 feet",0.54, ,0.00993424772250891
295,C3-48,HAPPY CAMP SPRINGS,3, ,CALLEGUAS CREEK - ARROYO SIMI - CONEJO CREEK WATERSHED,"tributary to Happy Camp Canyon at mile 4.5, from mouth northerly for a distance of 1,500 feet",0.28, ,0.00430562421729055
296,C3-55,HUNT WASH,3, ,CALLEGUAS CREEK - ARROYO SIMI - CONEJO CREEK WATERSHED,"tributary to Arroyo Simi at mile 16.1, from mouth for a distance of 11,200 feet",2.12, ,0.0352042770709154
297,C3-65,LEWIS ROAD DRAIN,3, ,CALLEGUAS CREEK - ARROYO SIMI - CONEJO CREEK WATERSHED,"tributary to Calleguas Creek at mile 7.6, from mouth to Lewis Road to a point 2,600 feet north of Pleasant Valley Road and an additional 2,400 feet along Lewis Road upstream of the railroad",2.33, ,0.0360456046315684
298,C3-97,PARK DRAIN,3, ,CALLEGUAS CREEK - ARROYO SIMI - CONEJO CREEK WATERSHED,"tributary to Arroyo Conejo at mile 13.0, from mouth to Lynn Road",0.44, ,0.0067612438907094
299,R2-3,LAS POSAS ESTATES DRAIN-SOUTH,2, ,REVOLON CHANNEL & BEARDSLEY CHANNEL,"tributary to Camarillo Hills Drain at mile 0.7, from mouth northeasterly for a distance of 5,200 feet to zone boundary",0.98, ,0.0156487997146617
300,C3-100,PIEDRA CANYON,3, ,CALLEGUAS CREEK - ARROYO SIMI - CONEJO CREEK WATERSHED,"tributary to Arroyo Simi at mile 35.1, from mouth to Southern Pacific Railroad and southeasterly for an additional 700 feet",0.24, ,0.00214041165783487
301,R3-6,CRESTVIEW DRAIN,3, ,REVOLON CAHNNEL & BEARDSLEY CHANNEL,"tributary to Camarillo Hills Drain at mile 3.0, from mouth to debris basin",1.25, ,0.0197940608051677
302,C3-17,BUS CANYON DRAIN,3, ,CALLEGUAS CREEK - ARROYO SIMI - CONEJO CREEK WATERSHED,"tributary to Arroyo Simi at mile 27.1, from mouth southerly fro a distance of 27,200 feet",5.15, ,0.0801143639548576
303,Z3-oth,WEST FORK SOMIS DRAIN TRIBUTARY,3, , ,Not found in Channels within the Comprehensive Plan of the Ventura County Flood Control District, , ,0.00101666022787825
304,Z3-oth,NORTH FORK SANTA ROSA SCHOOL DRAIN,3, , ,Not found in Channels within the Comprehensive Plan of the Ventura County Flood Control District, , ,0.000357976821117211
305,R3-11,HONDA BARRANCA,3, ,REVOLON CHANNEL & BEARDSLEY CHANNEL,"tributary to Beardsley Channel at mile 12.1, from confluence to 7,300 feet north of Berylwood Road and including debris basin",4.62, ,0.073777650393823
306,C3-58,IRON TROUGH CANYON WEST DRAIN,3, ,CALLEGUAS CREEK - ARROYO SIMI - CONEJO CREEK WATERSHED,"tributary to Iron Trough Canyone at mile 0.2, from mouth for a distance of 800 feet notherly",0.15, ,0.00216432578652967
307,C3-62,LANG CREEK,3, ,CALLEGUAS CREEK - ARROYO SIMI - CONEJO CREEK WATERSHED,"tributary to Arroyo Conejo at mile 13.8, from mouth to Lang Ranch, then easterly 15,800 feet",7.65, ,0.114765058401595
308,C3-49,HIALEAH SPRINGS CANYON,3, ,CALLEGUAS CREEK - ARROYO SIMI - CONEJO CREEK WATERSHED,"tributary to Arroyo Simi at mile 35.1, from confluence with Piedra Canyon to 4,300 feet notherly",0.81, ,0.0147288209686585
309,C3-96,OLSEN CHANNEL,3, ,CALLEGUAS CREEK - ARROYO SIMI - CONEJO CREEK WATERSHED,"tributary to North Fork Arroyo Conejo at mile 1.5, from mouth northeasterly to Olsen Road and along it to Calle Quebracho",2.78, ,0.0443171582337016
310,C3-92,NUMBER 2 CANYON,3, ,CALLEGUAS CREEK - ARROYO SIMI - CONEJO CREEK WATERSHED,"tributary to Arroyo Simi at mile 23.0, from mouth for a distance of 15,900 feet northeasterly",3.02, ,0.0516527312557184
311,C3-134,TRIPAS CANYON,3, ,CALLEGUAS CREEK - ARROYO SIMI - CONEJO CREEK WATERSHED,"tributary to Tapo Canyon at mile 4.5, from mouth for a distance of 21,900 feet",4.15, ,0.0727226909351045
312,C3-33,DRY CANYON WEST FORK,3, ,CALLEGUAS CREEK - ARROYO SIMI - CONEJO CREEK WATERSHED,"tributary to Dry Canyon at mile 0.3, from mouth westerly to Erringer Road along north boundary of Southern Pacific Railroad",0.08, ,0.00145031824039696
313,C3-143,WHITE OAK CREEK,3, ,CALLEGUAS CREEK - ARROYO SIMI - CONEJO CREEK WATERSHED,"tributary to Arroyo Simi at mile 34.2, from mouth to confluence of 7,300 feet north of Cochran Avenue",2.20, ,0.0360729218135401
314,C3-27,CONEJO MOUNTAIN CREEK,3, ,CALLEGUAS CREEK - ARROYO SIMI - CONEJO CREEK WATERSHED,"tributary to South Branch Arroyo Conejo at mile 3.8, from mouth for a distance of 12,700 feet",2.42, ,0.0398115534180571
315,C3-56,HUNT WASH TRIBUTARY,3, ,CALLEGUAS CREEK - ARROYO SIMI - CONEJO CREEK WATERSHED,"tributary to Hunt Was at mile 1.6, from mouth for a distance of 500 feet",0.10, ,0.00809974404690074
316,C3-35,EAST TRIBUTARY MEIER CANYON,3, ,CALLEGUAS CREEK - ARROYO SIMI - CONEJO CREEK WATERSHED,"tributary to Meier Canyon at mile 1.2, from mouth for a distance of 13,000 feet",2.46, ,0.0425477581888503
317,C3-75,MEIER CANYON,3, ,CALLEGUAS CREEK - ARROYO SIMI - CONEJO CREEK WATERSHED,"tributary to Arroyo Simi at mile 30.7, from mouth for a distance of 12,900 feet",2.44, ,0.0389680373505899
318,R3-19,NORTH RAMONA PLACE DRAIN,3, ,REVOLON CHANNEL & BEARDSLEY CHANNEL,"tributary to Las Posas Estates Drain at mile 2.3, from mouth notherly to and including basin",0.47, ,0.00624322581865484
319,C3-90,NORTH FORK OLSEN CHANNEL,3, ,CALLEGUAS CREEK - ARROYO SIMI - CONEJO CREEK WATERSHED,tributary to Olsen Channel at Olsen Road northeasterly for distance of 900 feet,0.17, ,0.00259355775155081
320,C3-78,MONTGOMERY CANYON,3, ,CALLEGUAS CREEK - ARROYO SIMI - CONEJO CREEK WATERSHED,"tributary to Oak Canyon at mile 2.1, from mouth for a distance of 1,900 feet southeasterly",0.36, ,0.00610948200841795
321,C3-80,MOORPARK STORM DRAIN NO.2,3, ,CALLEGUAS CREEK - ARROYO SIMI - CONEJO CREEK WATERSHED,"tributary to Arroyo Simi at mile 19.7, from mouth to Los Angeles Avenue",0.15, ,0.00341183755921468
322,C3-136,TRIPAS CANYON WEST LATERAL,3, ,CALLEGUAS CREEK - ARROYO SIMI - CONEJO CREEK WATERSHED,"tributary to Tripas Canyon at mile 2.8, from mouth for a distance of 4,000 feet",0.76, ,0.0123428928877882
323,Z3-oth,CHIVO CANYON TRIBUTARY,3, , ,Not found in Channels within the Comprehensive Plan of the Ventura County Flood Control District, , ,0.00561363213886889
324,Z3-oth,EAST FORK MARR DIVERSION,3, , ,Not found in Channels within the Comprehensive Plan of the Ventura County Flood Control District, , ,0.00171206473834504
325,C3-44,GROVES PLACE DRAIN,3, ,CALLEGUAS CREEK - ARROYO SIMI - CONEJO CREEK WATERSHED,"tributary to Arroyo Los Posas at mile 0.1 , from mouth for a distance of 9,300 feet",1.76, ,0.0275713556044491
326,C3-72,LOS ROBLES DRAIN,3, ,CALLEGUAS CREEK - ARROYO SIMI - CONEJO CREEK WATERSHED,"tributary to Arroyo Conejo at mile 8.2, from mouth to U.S. 101 near Hampshire Road",0.74, ,0.0114790156306533
327,R3-16,MILLIGAN BARRANCA,3, ,REVOLON CHANNEL & BEARDSLEY CHANNEL,"tributary to Beardsley Channel at mile 12.1, from mouth to 5,300 feet north of La Loma Avenue",3.50, ,0.0526386575563944
328,C3-117,SOMIS DRAIN WEST TRIBUTARY (LINE B),3, ,CALLEGUAS CREEK - ARROYO SIMI - CONEJO CREEK WATERSHED,tributary to Somis Drain West Tributary (Line A) at Loop Drive and extending westerly for 680 feet,0.13, ,0.00221925936690061
329,C3-98,PASO FLORES CANYON,3, ,CALLEGUAS CREEK - ARROYO SIMI - CONEJO CREEK WATERSHED,"tributary to Sand Canyon at mile 1.3 for a distance of 5,900 feet",1.12, ,0.0179245453917176
330,C3-102,QUITO DRAIN,3, ,CALLEGUAS CREEK - ARROYO SIMI - CONEJO CREEK WATERSHED,"tributary to Conejo Creek at mile 4.9, northwesterly for a distance of 900 feet",0.17, ,0.00254988496690428
331,R3-20,PLEASANT VALLEY ROAD DRAIN,3, ,REVOLON CHANNEL & BEARDSLEY CHANNEL,"tributary to Pleasant Valley Road Drain in Zone 2 at mile 1.3, from zone boundary easterly to Las Posas Road, then northerly 2,800 feet of Pleasant Valley Road",1.99, ,0.0334579264587458
332,Z3-oth,SANTA SUSANA KNOLLS (DRAIN B),3, , ,Not found in Channels within the Comprehensive Plan of the Ventura County Flood Control District, , ,0.00280957684514288
333,C3-141,WEST FORK SYCAMORE CANYON,3, ,CALLEGUAS CREEK - ARROYO SIMI - CONEJO CREEK WATERSHED,"tributary to Sycamore Canyon at mile 1.8, from mouth southwesterly for a distance of 5,200 feet",0.96, ,0.0165944598662538
334,C3-34,EAST CAMARILLO DRAIN,3, ,CALLEGUAS CREEK - ARROYO SIMI - CONEJO CREEK WATERSHED,"tributary to Conejo Creek, at mile 2.9, from mouth to 2,800 feet westerly and northerly",0.55, ,0.0090906955761288
335,R3-7,EAST FORK HONDA BARRANCA,3, ,REVOLON CHANNEL & BEARDSLEY CHANNEL,"tributary to Honda Barranca at mile 14.6, from mouth for a distance of 7,100 feet",1.35, ,0.0217764233354554
336,C3-69,LONG CANYON,3, ,CALLEGUAS CREEK - ARROYO SIMI - CONEJO CREEK WATERSHED,"tributary to Oak Canyon at mile 2.1, from confluence with Montgomery Canyon westerly for a distance of 2,900 feet",0.55,Note: there are 2 Long Canyon streams in zone 3,0.00922197856185466
337,C3-89,NORTH FORK OAK GROVE,3, ,CALLEGUAS CREEK - ARROYO SIMI - CONEJO CREEK WATERSHED,"tributary to Oak Grove Channel at mile 0.1, from mouth for a distance of 8,400 feet",0.78, ,0.0143736500531428
338,C3-94,OAK CANYON,3, ,CALLEGUAS CREEK - ARROYO SIMI - CONEJO CREEK WATERSHED,"tributary to Sycamore Canyon at mile 1.6, from mout to Sinaloa Road and an additional 11,100 feet",3.77,Note: there are 2 Oak Canyon streams in zone 3,0.0593423329469659
339,C3-106,SAND CANYON,3, ,CALLEGUAS CREEK - ARROYO SIMI - CONEJO CREEK WATERSHED,"tributary to Arroyo Las Posas at mile 14.1, from mouth to drainage confluence with Paso Flores Canyon 3,700 feet north of Los Angeles Avenue and an additional 11,000 feet northerly",2.78, ,0.0437710332981363
340,C3-129,TAPO CANYON,3, ,CALLEGUAS CREEK - ARROYO SIMI - CONEJO CREEK WATERSHED,"tributary to Arroyo Simi at mile 29.5, from mouth to drainage confluence with Gillibrand Canyon and an additional 15,000 feet northerly",5.62, ,0.0933268972626867
341,C3-132,THOUSAND OAKS NORTH DRAIN,3, ,CALLEGUAS CREEK - ARROYO SIMI - CONEJO CREEK WATERSHED,"tributary to Arroyo Conejo at mile 14.6, from mouth to 500 feet northeast of La Jolla Drive",1.40, ,0.0277935517866747
342,C3-131,TAPO HILLS DIVERSION,3, ,CALLEGUAS CREEK - ARROYO SIMI - CONEJO CREEK WATERSHED,"tributary to Dry Canyon at mile 1.9, from mouth easterly for a distance of 3,400 feet to Detention Basin No. 1, 1,800 feet to Detention Basin No. 2 for an additional 1,800 feet to end",1.32, ,0.0226268541246034
343,C3-37,EPWORTH DRAIN,3, ,CALLEGUAS CREEK - ARROYO SIMI - CONEJO CREEK WATERSHED,"tributary to Gabbert Canyon at mile 2.2, from mouth northeasterly to Broadway Road",0.74, ,0.0100271568371743
344,C3-25,CHIVO CANYON,3, ,CALLEGUAS CREEK - ARROYO SIMI - CONEJO CREEK WATERSHED,"tributary to Las Llajas Canyon at mile 2.1, from mouth running notherly, then northeasterly to Los Angeles County Line",4.03, ,0.0759573539588373
345,C3-52,HOME ACRES DRAIN,3, ,CALLEGUAS CREEK - ARROYO SIMI - CONEJO CREEK WATERSHED,"tributary to Peach Hill Wast at mile 0.3, from mouth southwesterly 1,700 feet",0.32, ,0.00491208951254781
346,C3-47,HAPPY CAMP CANYON,3, ,CALLEGUAS CREEK - ARROYO SIMI - CONEJO CREEK WATERSHED,"tributary to Arroyo Simi at mile 21.6, from mouth northerly for a distance of 23,000 feet, then easterly for 21,700 feet",8.46, ,0.140625642177921
347,C3-64,LAS LLAJAS TRIBUTARY,3, ,CALLEGUAS CREEK - ARROYO SIMI - CONEJO CREEK WATERSHED,"tributary to Las Llajas Canyon at mile 2.5, from mouth for a distance of 4,300 feet",0.81, ,0.013499162154565
348,Z3-oth,EAST LEWIS ROAD DRAIN,3, , ,Not found in Channels within the Comprehensive Plan of the Ventura County Flood Control District, , ,0.000722505854689168
349,C3-7,ARROYO SANTA ROSA TRIBUTARY,3, ,CALLEGUAS CREEK - ARROYO SIMI - CONEJO CREEK WATERSHED,"tributary to Arroyo Santa Rosa at mile 1.1, from mouth for a distance of 11,500 feet",2.18, ,0.0364161522656944
350,C3-110,SHEKELL ROAD DRAIN,3, ,CALLEGUAS CREEK - ARROYO SIMI - CONEJO CREEK WATERSHED,"tributary to South Grimes Canyon Wash at mile 2.0, from mouth northerly to Broadway Road",1.76, ,0.0248035439408703
351,C3-107,SANTA SUSANA KNOLLS,3, ,CALLEGUAS CREEK - ARROYO SIMI - CONEJO CREEK WATERSHED,"tributary to Black Canyon at mile 0.3, from mouth along Katherine Road for a distance of 700 feet",0.13, ,0.00185387292255022
352,Z2-oth,LATERAL C NYELAND DRAIN,2, , ,Not found in Channels within the Comprehensive Plan of the Ventura County Flood Control District, , ,0.00077151321570027
353,C3-12,BLACK CANYON,3, ,CALLEGUAS CREEK - ARROYO SIMI - CONEJO CREEK WATERSHED,"tributary to Arroyo Simi at Katherine Road running adjacent to Katherine and Black Canyon Road for a distance of 3,400 feet",0.64, ,0.0102193299636555
354,C3-16,BURRO FLATS CANYON,3, ,CALLEGUAS CREEK - ARROYO SIMI - CONEJO CREEK WATERSHED,"tributary to Meier Canyon at mile 1.2, for a distance of 9,900 feet",1.87, ,0.0315757064380421
355,C3-21,CAMROSA DRAIN,3, ,CALLEGUAS CREEK - ARROYO SIMI - CONEJO CREEK WATERSHED,"tributary to Conejo Creek at mile 5.3, from mouth for a distance of 2,8oo feet northerly",0.53, ,0.0080680266297031
356,C3-36,EAST TRIBUTARY STOCKTON ROAD DRAIN,3, ,CALLEGUAS CREEK - ARROYO SIMI - CONEJO CREEK WATERSHED,"tributary to Stockton Road Drain at mile 0.2, from mouth northeasterly for a distance of 1,600 feet",0.30, ,0.00517402663776264
357,C3-10,BERYLWOOD CANYON,3, ,CALLEGUAS CREEK - ARROYO SIMI - CONEJO CREEK WATERSHED,"tributary to Fox Barranca, from 1,000 feet south of State Route 118 to 1,000 feet north of Berylwood Road",1.93, ,0.0298332977989604
358,C3-39,ERRINGER ROAD DRAIN,3, ,CALLEGUAS CREEK - ARROYO SIMI - CONEJO CREEK WATERSHED,"tributary to Arroyo Simi at mile 28.5, from mouth to and including debris basin, then southeasterly for a distance of 400 feet",1.59, ,0.0247298620696199
359,C3-53,HUMMINGBIRD CREEK,3, ,CALLEGUAS CREEK - ARROYO SIMI - CONEJO CREEK WATERSHED,"tributary to White Oak Creek at mile 0.3, from mouth to State Route 118, then northeasterly for a distance of 9,900 feet",1.88, ,0.0321034086399353
360,C3-76,MIDDLE RIDGE CANYON,3, ,CALLEGUAS CREEK - ARROYO SIMI - CONEJO CREEK WATERSHED,"tributary to Tripas Canyon at mile 1.9, from mouth for a distance of 7,800 feet",1.48, ,0.0273081861426868
361,C3-86,NORTH FORK ARROYO CONEJO,3, ,CALLEGUAS CREEK - ARROYO SIMI - CONEJO CREEK WATERSHED,"tributary to Arroyo Conejo at mile 1.4, from mouth for a distance of 27,800 feet easterly",5.27, ,0.0901654252044257
362,C3-95,OAK GROVE CHANNEL,3, ,CALLEGUAS CREEK - ARROYO SIMI - CONEJO CREEK WATERSHED,"tributary to Conejo Creek at mile 3.1, from mouth for a distance of 10,400 feet",1.97, ,0.0335237345344744
363,C3-138,WALNUT CANYON,3, ,CALLEGUAS CREEK - ARROYO SIMI - CONEJO CREEK WATERSHED,"tributary to Gabbet Canyon at mile 0.9, from mouth to 2,800 feet notherly of Casey Road in Moorpark",2.86, ,0.052476065309178
364,C3-14,BRADLEY WASH,3, ,CALLEGUAS CREEK - ARROYO SIMI - CONEJO CREEK WATERSHED,tributary to Puerta Zuela Barranca at mile 3.3 to Bradley Road,0.45, ,0.00448777087221673
365,C3-42,GILL BARRABCA,3, ,CALLEGUAS CREEK - ARROYO SIMI - CONEJO CREEK WATERSHED,"tributary to Fox Barranca at mile 2.9, from mouth to 3,800 feet north of Berylwood Road",0.95, ,0.0149468563337853
366,R3-13,LAS POSAS ESTATES DRAIN,3, ,REVOLON CHANNEL & BEARDSLEY CHANNEL,"tributary to Los Posas Estates Drain in Zone 2 at mile 1.0, from zone boundary to and including debris/detention basin",1.89,Note: A portion of LPES now flows into the Los Posas Estates Drain Diversion.,0.0282176672633562
367,C3-74,MARR DIVERSION CHANNEL,3, ,CALLEGUAS CREEK - ARROYO SIMI - CONEJO CREEK WATERSHED,"tributary to Las Llajas Canyon at mile 2.0, westerly to Presidio Drive",0.66,Note: Length of stream seems off,0.0145346888156981
368,C3-68,LONG CANYON,3, ,CALLEGUAS CREEK - ARROYO SIMI - CONEJO CREEK WATERSHED,"tributary to Arroyo Las Posas at mile 15.3, from mouth to second crossing of Stockton road and continuing for an additional 7,600 feet along Stockton and Waters Roads",4.49,Note: there are 2 Long Canyon streams in zone 3,0.069524414866619
369,C3-88,NORTH FORK HAPPY CAMP CANYON,3, ,CALLEGUAS CREEK - ARROYO SIMI - CONEJO CREEK WATERSHED,"tributary to Happy Camp Canyon at mile 3.4, from mouth for a distance of 8,400 feet",1.59, ,0.0255623751878025
370,C3-91,NORTH SIMI DRAIN,3, ,CALLEGUAS CREEK - ARROYO SIMI - CONEJO CREEK WATERSHED,"tributary to Arroyo Simi at mile 26.9, from mouth for a distance of 15,500 feet northeasterly",2.93, ,0.0484157061862912
371,C3-28,COYOTE CANYON,3, ,CALLEGUAS CREEK - ARROYO SIMI - CONEJO CREEK WATERSHED,"tributary to Arroyo Simi at mile 13.5, from mouth to Bradley Road including debris basin near Donlon Road",5.20, ,0.0832405302484608
372,C3-40,FOX BARRANCA,3, ,CALLEGUAS CREEK - ARROYO SIMI - CONEJO CREEK WATERSHED,"tributary to Coyote Canyon at mile 0.1, from mouth to Berylwood Road including debris basin and additional 12,400 feet north of Berylwood Road",5.63, ,0.0924742001007977
373,C3-66,LITTLE HAPPY CAMP CANYON,3, ,CALLEGUAS CREEK - ARROYO SIMI - CONEJO CREEK WATERSHED,"tributary to Happy Camp Canyon at mile 6.2, from mouth for a distance of 3,300 feet",0.63, ,0.0114390710331557
374,C3-77,MISSION OAKS DRAIN,3, ,CALLEGUAS CREEK - ARROYO SIMI - CONEJO CREEK WATERSHED,"tributary to Conejo Creek at mile 3.8, from mouth 3,000 feet northwesterly to Mission Oaks Boulevard",0.74, ,0.0106221623924028
375,C3-83,NORTH BRANCH ALAMOS CANYON,3, ,CALLEGUAS CREEK - ARROYO SIMI - CONEJO CREEK WATERSHED,"tributary to Alamos Canyon at mile 2.0, from mouth for a distance of 8,600 feet",1.63, ,0.0314219002679412
376,R2-6,SANTA CLARA AVENUE DRAIN,2, ,REVOLON CHANNEL & BEARDSLEY CHANNEL,"tributary to Nyland Drain at mile 0.4 for a distance of 2,000 feet",1.52, ,0.0201380673735758
377,C3-120,SOUTH GRIMES CANYON TRIBUTARY,3, ,CALLEGUAS CREEK - ARROYO SIMI - CONEJO CREEK WATERSHED,"tributary to South Grimes Canyon Wash at mile 1.3, from mouth northeasterly for a distance of 3,600 feet",0.68, ,0.0107273579455998
378,C3-122,SOUTH MEIER CANYON,3, ,CALLEGUAS CREEK - ARROYO SIMI - CONEJO CREEK WATERSHED,"tributary to Meier Canyon at mile 1.7, from mouth for a distance of 2,600 feet",0.49, ,0.00836616832061315
379,C3-135,TRIPAS CANYON EAST LATERAL,3, ,CALLEGUAS CREEK - ARROYO SIMI - CONEJO CREEK WATERSHED,"tributary to Tripas Canyon at mile 2.6, from mouth northerly for a distance of 4,100 feet",0.78, ,0.0128688791583667
380,C3-15,BREA CANYON,3, ,CALLEGUAS CREEK - ARROYO SIMI - CONEJO CREEK WATERSHED,"tributary to Arroyo Simi at mile 25.8, from mouth northeasterly for a distance of 12,300 feet",2.36, ,0.0398539203733412
381,C3-43,GILLIBRAND CANYON,3, ,CALLEGUAS CREEK - ARROYO SIMI - CONEJO CREEK WATERSHED,"tributary to Tapo Canyon at mile 3.4, from mouth for a distance of 19,000 feet northeasterly",3.60, ,0.0583153571802264
382,R3-10,FERRO DITCH,3, ,REVOLON CHANNEL & BEARDSLEY CHANNEL,"tributary to Los Angeles Avenue Drain at mile 0.2, from mouth to and including debris basin",0.70, ,0.0114906877845231
383,C3-87,NORTH FORK ARROYO CONEJO TRIBUTARTY,3, ,CALLEGUAS CREEK - ARROYO SIMI - CONEJO CREEK WATERSHED,"tributary to North Fork Arroyo Conejo at mile 5.0, for a distance of 4,000 feet",0.75, ,0.00479293983038873
384,R2-5,MUGU DRAIN,2, ,REVOLON CHANNEL & BEARDSLEY CHANNEL,"tributary to Mugu Drain in Zone 3 at mile 1.3, from zone boundry for a distance of 27,900 feet",5.28, ,0.0798083207975345
385,Z3-oth,LAS POSAS ESTATES TRIBUTARY,3, , ,Not found in Channels within the Comprehensive Plan of the Ventura County Flood Control District, , ,0.000733634821559854
386,C3-108,SANTA SUSAN WEST DRAIN,3, ,CALLEGUAS CREEK - ARROYO SIMI - CONEJO CREEK WATERSHED,"tributary to Arroyo Simi at mile 31.2, from mouth to 400 feet northerly of the intersection of Alamo and Tapo Streets",1.97, ,0.0283154607998909
387,C3-3,ARROYO CONEJO,3, ,CALLEGUAS CREEK - ARROYO SIMI - CONEJO CREEK WATERSHED,"tributary to Conejo Creek at mile 7.5, from junction with Arroyo Santa Rosa to Skeleton Canyon",10.36, ,0.173458817149779
388,C3-123,STOCKTON ROAD DRAIN,3, ,CALLEGUAS CREEK - ARROYO SIMI - CONEJO CREEK WATERSHED,"tributary to Long Canyon at mile 3.7, from mouth running along Stockton Road for distance of 7,100 feet",1.34, ,0.0207701077307296
389,R3-3,ARROYO COLORADO,3, ,REVOLON CHANNEL & BEARDSLEY CHANNEL,"tributary to Honda Barranca at mile 13.2, from mouth to 1,700 feet north of Berylwood Avenue",2.40, ,0.037431448696418
390,R3-12,HONDA BARRANCA TRIBUTARY,3, ,REVOLON CHANNEL & BEARDSLEY CHANNEL,"tributary to Honda Barranca at Los Angeles Avenue for a distance of 9,900 feet along Aggen Road",1.87, ,0.0307593065028403
391,C3-50,HILL CANYON,3, ,CALLEGUAS CREEK - ARROYO SIMI - CONEJO CREEK WATERSHED,"tributary to Arroyo Conejo at mile 1.2, from mouth for a distance of 5,300 feet southwesterly",1.00, ,0.0169268410515251
392,C3-38,ERBES ROAD DRAIN,3, ,CALLEGUAS CREEK - ARROYO SIMI - CONEJO CREEK WATERSHED,"tributary to Arroyo Conejo at mile 7.7, from mouth to Hillcrest Drive",0.41, ,0.00725145600861783
393,R2-4,LOS ANGELES AVENUE DRAIN,2, ,REVOLON CHANNEL & BEARDSLEY CHANNEL,"tributary to Santa Clara Drain at mile 1.9, from mouth for a distance of 2,800 feet",0.55, ,0.0088850219634884
394,C3-99,PEACH HILL WASH,3, ,CALLEGUAS CREEK - ARROYO SIMI - CONEJO CREEK WATERSHED,"tributary to Arroyo Simi at mile 18.0, from mouth to Peach Hill Road",2.41, ,0.0460266625755294
395,C3-113,SOLANO VERDE WASH,3, ,CALLEGUAS CREEK - ARROYO SIMI - CONEJO CREEK WATERSHED,"tributary to Coyote Canyon at Bradley Road for a distance of 4,900 feet",0.93, ,0.0150030001945916
396,C3-112,SKELETON CANYON TRIBUTARY,3, ,CALLEGUAS CREEK - ARROYO SIMI - CONEJO CREEK WATERSHED,"tributary to Skeleton Canyon at mile 1.8, from mouth northerly for a distance of 800 feet along Westlake Boulevard",0.15, ,0.00255272820320018
397,C3-109,SCARAB CANYON,3, ,CALLEGUAS CREEK - ARROYO SIMI - CONEJO CREEK WATERSHED,"tributary to Alamos Canyon at mile 2.6, from mouth northeasterly for a distance of 7,000 feet",1.33, ,0.0237541404656639
398,C3-128,SYCAMORE CANYON TRIBUTARY,3, ,CALLEGUAS CREEK - ARROYO SIMI - CONEJO CREEK WATERSHED,"tributary to Sycamore Canyon at mile 3.0, for a distance of 3,800 feet",0.72, ,0.0113497791895819
399,C3-139,WAVERLY CHANNEL,3, ,CALLEGUAS CREEK - ARROYO SIMI - CONEJO CREEK WATERSHED,"tributary to North Fork Arroyo Conejo at mile 2.2, from 7,400 feet west of Lynn Road easterly to Moorpark Road",1.84, ,0.0313234021091871
400,Z3-oth,TAPO HILLS DIVERSION DETENTION BASIN NO.1,3, , ,Not found in Channels within the Comprehensive Plan of the Ventura County Flood Control District, , ,0.00230571505454637
401,C3-137,UPLAND ROAD DRAIN,3, ,CALLEGUAS CREEK - ARROYO SIMI - CONEJO CREEK WATERSHED,"tributary to Conejo Creek at mile 4.8, from mouth to 4,400 feet northerly to Calleguas Road",0.84, ,0.0137590508841151
402,C3-24,CASTRO-WILLAMS DRAIN,3, ,CALLEGUAS CREEK - ARROYO SIMI - CONEJO CREEK WATERSHED,"tributary to Arroyo Simi at mile 21.2, from mouth northerly for a distance of 2,200 feet",0.41, ,0.00651070031163485
403,C3-115,SOMIS DRAIN EAST TRIBUTARY,3, ,CALLEGUAS CREEK - ARROYO SIMI - CONEJO CREEK WATERSHED,tributary to Somis Drain at Ponderosa Drive from mouth to Las Posas Road along Ponderosa Drive,0.57, ,0.00942845349866689
404,R3-8,EDGEMORE DRAIN,3, ,REVOLON CHANNEL & BEARDSLEY CHANNEL,"tributary to Camarillow Hills Drain at mile 3.6, from mouth to and including debris basin",1.34, ,0.0214637925932706
405,C3-32,DRY CANYON EAST LATERAL,3, ,CALLEGUAS CREEK - ARROYO SIMI - CONEJO CREEK WATERSHED,"tributary to Dry Canyon Drain at mile 0.4, from mouth easterly to Sycamore Street, along north boundary of Southern Pacific Railroad",0.78, ,0.0144587747506746
406,C3-61,KNOLLS PARK DRAIN,3, ,CALLEGUAS CREEK - ARROYO SIMI - CONEJO CREEK WATERSHED,"tributary to Arroyo Simi at mile 34.8, from mouth for a distance of 1,800 feet",0.34, ,0.00586067396425604
407,C3-57,IRON TROUGH CANYON,3, ,CALLEGUAS CREEK - ARROYO SIMI - CONEJO CREEK WATERSHED,"tributary to Tripas Canyon at mile 0.6, from mouth northeasterly for a distance of 2,400 feet",0.45, ,0.00735796312989456
408,C3-71,LONG GRADE CANYON,3, ,CALLEGUAS CREEK - ARROYO SIMI - CONEJO CREEK WATERSHED,"tributary to calleguas Creek at mile 5.3, from mouth easterly for a distance of 19,000 feet",3.60, ,0.0601385305599314
409,C3-93,OAK CANYON,3, ,CALLEGUAS CREEK - ARROYO SIMI - CONEJO CREEK WATERSHED,"tributary to Dry Canyon at mile 2.9, from mouth northerly for a distance of 370 feet",0.07,Note: there are 2 Oak Canyon streams in zone 3,0.00226383563244499
410,C3-84,NORTH BRANCH ALAMOS CANYON TRIBUTARY,3, ,CALLEGUAS CREEK - ARROYO SIMI - CONEJO CREEK WATERSHED,"tributary to Alamos Canyon at confluence with North Branch Alamos Canyon for a distance of 4,900 feet",0.93, ,0.0158484511963688
411,C3-104,RUNKLE CANYON TRIBUTARY,3, ,CALLEGUAS CREEK - ARROYO SIMI - CONEJO CREEK WATERSHED,"tributary to Runkle Canyon at mile 2.8, from mouth southerly for a distance of 800 feet",0.15, ,0.00272288569951723
412,C3-5,ARROYO SANTA ROSA,3, ,CALLEGUAS CREEK - ARROYO SIMI - CONEJO CREEK WATERSHED,"tributary to Conejo Creek at mile 7.5, from mouth to a point 2,200 feet easterly of the State Route 23 Freeway",6.52, ,0.111159155360116
413,R3-22,PONDEROSA DRAIN,3, ,REVOLON CHANNEL & BEARDSLEY CHANNEL,"tributary to Camarillo Hills Drain at mile 4.8, from mouth to a point 1,200 feet east of Arneil Road",0.47, ,0.00976973763550669
414,C3-127,SYCAMORE CANYON,3, ,CALLEGUAS CREEK - ARROYO SIMI - CONEJO CREEK WATERSHED,"tributary to Arroyo Simi at mile 25.8, from mouth to the dam at mile 1.7 and continuing for a total distance of 17,200 feet",2.29, ,0.0545423630485673
415,C3-126,STRATHEARN CANYON TRIBUTARY,3, ,CALLEGUAS CREEK - ARROYO SIMI - CONEJO CREEK WATERSHED,"tributary to Strathearn Canyon at mile 1.1, from mouth northerly for a distance of 3,400 feet",0.64, ,0.0123673884080781
416,R3-2,ARNEILL DRAIN,3, ,REVOLON CHANNEL & BEARDSLEY CHANNEL,"tributary to Camarillo Hills Drain at mile 5.5, from mouth to Arneil Road",0.23, ,0.00500434852111609
417,R3-5,CAMARILLO HILLS DRAIN,3, ,REVOLON CAHNNEL & BEARDSLEY CHANNEL,"tributary to Zone 2 Camarillo Hills Drain at mile 1.3, from Zone 2 boundary to Las Posas Road and Temple Avenue, Camarillo",4.83, ,0.080214480868913
418,C3-46,GUADALASCA TRIBUTARY,3, ,CALLEGUAS CREEK - ARROYO SIMI - CONEJO CREEK WATERSHED,"tributary to Guadalasca drain at mile 2.84, from mouth for a distance of 1,400 feet",0.27, ,0.00464522453561528
419,C3-59,KADOTA FIG DRAIN,3, ,CALLEGUAS CREEK - ARROYO SIMI - CONEJO CREEK WATERSHED,"tributary to Las Llajas Canyon at mile 1.45, from mouth to Walnut Street, then along Walnut Street for an additional 400 feet",0.74, ,0.0116530115475141
420,C3-101,PUERTA ZUELA BARRANCA,3, ,CALLEGUAS CREEK - ARROYO SIMI - CONEJO CREEK WATERSHED,"tributary to Coyote Canyon at mile 0.8, from mouth for a distance of 20,300 feet to Bradley Road",3.84, ,0.0602042147493095
421,Z3-oth,PEACH HILL TRIBUTARY,3, , ,Not found in Channels within the Comprehensive Plan of the Ventura County Flood Control District, , ,0.000362811949324353
422,C3-121,SOUTH GRIMES CANYON WASH,3, ,CALLEGUAS CREEK - ARROYO SIMI - CONEJO CREEK WATERSHED,"tributary to Arroyo Simi at mile 17.1, from mouth for a distance of 27,500 feet",5.21,Note: tributary to Arroyo Las Posas,0.0826004811336989
423,C3-130,TAPO CANYON TRIBUTARY,3, ,CALLEGUAS CREEK - ARROYO SIMI - CONEJO CREEK WATERSHED,"tributary to Tapo Canyon at mile 4.5, from mouth for a distance of 5,500 feet",1.04, ,0.0164665633318618
424,C3-105,SAINT JOHNS DRAIN,3, ,CALLEGUAS CREEK - ARROYO SIMI - CONEJO CREEK WATERSHED,"tributary to Calleguas Creek at mile 11.97, from mouth easterly of Saint John's Seminary through and including the debris basin for a total distance of 3,400 feet",0.64, ,0.0111569394184223
425,C3-145,WINDMILL CANYON,3, ,CALLEGUAS CREEK - ARROYO SIMI - CONEJO CREEK WATERSHED,"tributary to Gillibrand Canyon at mile 1.9, from mouth northeasterly for a distance of 12,100 feet",2.29, ,0.0394362955913536
426,C3-125,STRATHEARN CANYON EAST FORK,3, ,CALLEGUAS CREEK - ARROYO SIMI - CONEJO CREEK WATERSHED,"tributary to Strathearn Canyon at mile 0.4, from mouth for a distance of 800 feet",0.15, ,0.00350571136280223
427,C3-1,ALAMOS CANYON,3, ,CALLEGUAS CREEK - ARROYO SIMI - CONEJO CREEK WATERSHED,"tributary to Arroyo Simi at mile 24.6, from mouth for a distance of 25,700 feet",4.86, ,0.0851551343174783
428,CY4-2,BEARTRAP CREEK,4, ,CUYAMA RIVER DRAINAGE BASIN,"tributary to Cuyama River at confluence with Alamo Canyon, for a distance of 28,200 feet",5.34, ,0.0817107603057244
429,CY4-1,ALAMO CREEK,4, ,CUYAMA RIVER DRAINAGE BASIN,"tributary to Cuyama River at confluence with Dry Canyon for a distance of 46,700 feet",8.85, ,0.156606425569988
430,CY4-3,CUYAMA RIVER,4, ,CUYAMA RIVER DRAINAGE BASIN,from Ventura - Santa Barbara County Line to confluence of Dry Canyon and Alamo Creek,12.71, ,0.220161745396318
431,CY4-5,SOUTH ALAMO CANYON,4, ,CUYAMA RIVER DRAINAGE BASIN,"tributary to Alamo Creek at mile 0.7, from mouth for a distance of 16,500 feet",3.13, ,0.0506730353050329
432,N2-4,FRAZIER WASH,2, ,NORTH HALF,"tributary to Seymour Creek at mile 4.5, from mouth for a distance of 3,200 feet",0.61, ,0.0163196043800832
433,N2-7,MIDDLE FORK LOCKWOOD CREEK,2, ,NORTH HALF,"tributary to North Fork Lockwood Creek at mile 0.26, from mouth for a distance of 34,300 feet",6.49, ,0.103415827955476
434,N2-1,AMARGOSA CREEK,2, ,NORTH HALF,"tributary to Lockwood Creek at mile 6.5, from mouth for a distance of 30,800 feet",5.83, ,0.0842360081450571
435,N2-2,EAST FORK MT. PINOS CREEK,2, ,NORTH HALF,"tributary to Mt. Pinos Creek at mile 0.13, from mouth for a distance of 2,400 feet",0.45, ,0.00971083692015599
436,N2-10,NORTH FORK LOCKWOOD CREEK,2, ,NORTH HALF,"tributary to Lockwood Creek at mile 7.5, from mouth for a distance of 39,000 feet",7.39, ,0.119152407405414
437,N2-6,LOCKWOOD CREEK TRIBUTARY,2, ,NORTH HALF,"tributary to Lockwood Creek at mile 6.4, from mouth for a distance of 2,400 feet",0.45, ,0.00841562512722153
438,N2-9,NORTH BRANCH SEYMOUR CREEK,2, ,NORTH HALF,"tributary to Seymour Creek at mile 1.4, from mouth for a distance of 8,900 feet",1.69, ,0.0275832929619529
439,N2-3,EAST FORK SEYMOUR CREEK,2, ,NORTH HALF,"tributary to Seymour Creek at mile 5.7, from mouth for a distance of 9,900 feet to Kern County Line",1.88, ,0.0285012330304208
440,N2-11,SEYMOUR CREEK,2, ,NORTH HALF,"tributary to Lockwood Creek at mile 4.0, from mouth for a distance of 36,500 feet",6.92, ,0.127154302136687
441,N2-12,STAUFFER CREEK,2, ,NORTH HALF,"tributary to Lockwood Creek at mile 4.9, from mouth for a distance of 15,200 feet",2.88, ,0.0437455971697993
442,N2-5,LOCKWOOD CREEK,2, ,NORTH HALF,"tributary to Piru Creek, from the east borderline Section 6 T7N R20W, mile 3.5, westerly for a distance of 40,200 feet",7.61, ,0.138762187978302
443,C2-10,OXNARD WEST DRAIN-NORTH,2, ,COASTAL DRAINAGE,from Edison Canal to intersection of Ventura Road and West Fifth Street,3.16,Note: This Drain has been spilt with the upper portion flowing into West Wooley Drain.,0.00719248989910648
444,C1-8,PRINCE BARRANCA,1, ,COASTAL DRAINAGE,"tributary to San Jon Barranca at mile 0.2, from mouth for a distance of 9,600 feet",1.82, ,0.0315266497093146
445,Z1-oth,LIVE OAK CREEK DIV,1, , ,Not found in Channels within the Comprehensive Plan of the Ventura County Flood Control District, , ,0.0091670158877936
446,V1-29,MATILIJA CREEK,1, ,VENTURA RIVER WATERSHED,"tributary to Ventura River at mile 16.3 from mouth to Matilija Dam and continuing upstream for a distance of 34,600 feet",6.55, ,0.145368691477372
447,V1-43,SENIOR CANYON,1, ,VENTURA RIVER WATERSHED,"from confluence with Gridley canyon for a distance of 13,200 feet",2.50, ,0.0367980272618042
448,Z1-oth,SAC_CASITAS,1,Connection, ,Not found in Channels within the Comprehensive Plan of the Ventura County Flood Control District, , ,0.0305742383461371
449,V1-8,COYOTE CREEK,1, ,VENTURA RIVER WATERSHED,"tributary to Ventura River at mile 6.0, from mouth to Casitas Dam and continuing upstream from State Route 150 for a totally distance of 25,200 feet",4.77, ,0.0410987813545167
450,V1-8,COYOTE CREEK,1, ,VENTURA RIVER WATERSHED,"tributary to Ventura River at mile 6.0, from mouth to Casitas Dam and continuing upstream from State Route 150 for a totally distance of 25,200 feet",4.77, ,0.0462383000690302
451,V1-51,VERDE CANYON,1, ,VENTURA RIVER WATERSHED,"tributary to Canada Larga at mile 4.6, from mouth for a distance of 2,900 feet",0.55, ,0.00892163739295045
452,C2-13,SEXTON CANYON,2, ,COASTAL DRAINAGE,"tributary to Arundell Barranca at mile 5.1, from confluence with Lake Canyon to a distance of 13,000 feet northwesterly",2.46, ,0.0407405576494114
453,N2-8,MT. PINOS CREEK,2, ,NORTH HALF,"tributary to Middle Fork Lockwood Creek at mile 1.9, from mouth for a distance of 3,700 feet",0.70, ,0.0119231264536098
454,R3-23,REVOLON CHANNEL,3,REVOLON SLOUGH,REVOLON CHANNEL & BEARDSLEY CHANNEL,"tributary to Calleguas Creek at mile 1.0, from mouth to Wood Road, the Zone 2 Boundary",4.39, ,0.0682303661311186
455,R2-9,REVOLON SLOUGH CHANNEL,2,REVOLON SLOUGH,REVOLON CHANNEL & BEARDSLEY CHANNEL,"tributary to Revolon Channel in Zone 3 at mile 4.4, from zone boundary to U.S. 101",3.94, ,0.0592286419916919
456,R2-2,CAMARILLO HILLS DRAIN,2, ,REVOLON CHANNEL & BEARDSLEY CHANNEL,"tributary to Revolon Channel at mile 6.8, from mouth to Wood Road on the north border of the Camarillo Airport",1.31, ,0.0254885753026399
457,R3-18,MUGU DRAIN,3, ,REVOLON CHANNEL & BEARDSLEY CHANNEL,"tributary to Calleguas Creek at mile 0.4, from mouth to zone boundary for a distance of 6,800 feet",1.29, ,0.0209578843553948
458,R2-8,PLEASANT VALLEY ROAD DRAIN,2, ,REVOLON CHANNEL & BEARDSLEY CHANNEL,"tributary to Revolon Channel at mile 6.2, from mouth to Wood Road",1.08, ,0.0176603545382558
459,R2-10,SANTA CLARA DIVERSION,2, ,REVOLON CHANNEL & BEARDSLEY CHANNEL,"tributary to Beardsley Channel at mile 8.7, from mouth to Santa Clara Avenue, a distance of 7,000 feet",1.33, ,0.0202820766198593
460,R2-11,SANTA CLARA DRAIN,2, ,REVOLON CHANNEL & BEARDSLEY CHANNEL,"tributary to Santa Clara Diversion at mile 1.3, from junction to Los Angeles Avenue for 3,500 feet",0.66, ,0.00785237404410244
461,S2-2,ADAMS CANYON EAST FORK,2, ,SANTA CLARA RIVER WATERSHED,"tributary to Adams Barranca at mile 7.7 from mouth for a distance of 2,200 feet",0.42, ,0.00743905252574664
462,S2-49,HOWELL CANYON,2, ,SANTA CLARA RIVER WATERSHED,"tributary to Sisar Creek at mile5.1, from mouth for a distance of 4,800 feet",0.91, ,0.0143799766954623
463,S2-96,WEST LATERAL TAPO CANYON,2, ,SANTA CLARA RIVER WATERSHED,"tributary to Tapo Canyon at mile 3.1, from mouth westerly for a distance of 1,800 feet",0.34, ,0.0056602174135288
464,C3-26,CONEJO CREEK,3, ,CALLEGUAS CREEK - ARROYO SIMI - CONEJO CREEK WATERSHED,"tributary to Calleguas Creek at mile 7.7, from junction with Calleguas Creek to junction with Arroyo Santa Rosa",7.50, ,0.12770695683603
465,C3-111,SKELETON CANYON,3, ,CALLEGUAS CREEK - ARROYO SIMI - CONEJO CREEK WATERSHED,"tributary to Arroyo Conejo at mile 11.4, from mouth northerly along Westlake Boulevard for a distance of 11,000 feet",2.08, ,0.0323087796523012
466,C3-19,CALLEGUAS CREEK,3, ,CALLEGUAS CREEK - ARROYO SIMI - CONEJO CREEK WATERSHED,from Mugu Lagoon to Seminary Road in Camarillo,12.31, ,0.192177369046756
467,C3-4,ARROYO LAS POSAS,3, ,CALLEGUAS CREEK - ARROYO SIMI - CONEJO CREEK WATERSHED,from Seminary Road in Camarill to Hitch  Boulevard in Moorpark,5.64, ,0.0936636200467408
468,C3-6,ARROYO SANTA ROSA EAST TRIBUTARY,3, ,CALLEGUAS CREEK - ARROYO SIMI - CONEJO CREEK WATERSHED,"tributary to Arroyo Santa Rosa Tributary at mile 2.2, from mouth to 1,500 feet easterly side of Moorpark Road",1.44, ,0.0227668071169846
469,C3-29,COYOTE CANYON TRIBUTARY,3, ,CALLEGUAS CREEK - ARROYO SIMI - CONEJO CREEK WATERSHED,"tributary to Coyote Canyon at Bardley Road for a distance of 2,100 feet",0.40, ,0.00571820920518092
470,C3-140,WEST BRANCH KADOTA FIG,3, ,CALLEGUAS CREEK - ARROYO SIMI - CONEJO CREEK WATERSHED,"tributary to Kadota Fig Drain at mile 0.7, from mouth along Walnut St. for a distance of 500 feet",0.09, ,0.00162982456572524
471,C3-70,LONG CANYON NORTH LATERAL,3, ,CALLEGUAS CREEK - ARROYO SIMI - CONEJO CREEK WATERSHED,"tributary to Long Canyon at mile 3.0, from mouth for a distance of 600 feet northerly",0.11, ,0.00173517413420861
472,C3-116,SOMIS DRAIN WEST TRIBUTARY (LINE A),3, ,CALLEGUAS CREEK - ARROYO SIMI - CONEJO CREEK WATERSHED,"from Somis Drain at Las Posas Road westerly to Loop Drive, then northerly to Alosta Drive",0.29, ,0.00440067270482776
473,C3-119,SOUTH BRANCH ARROYO CONEJO WEST TRIBUTARY,3, ,CALLEGUAS CREEK - ARROYO SIMI - CONEJO CREEK WATERSHED,"tributary to South Branch Arroyo Conejo at mile 5.1, from mouth westerly for a distance of 5,400 feet along Potrero Road",1.02, ,0.0237446345281034
474,R2-1,BEARDSLEY CHANNEL,2, ,REVOLON CHANNEL & BEARDSLEY CHANNEL,"tributary to Revolon Channel at mile 8.0, from U.S. 101 to confluence of Santa Clara Diversion at Zone Boundary",1.93, ,0.014552024677086
475,R3-4,BEARDSLEY CHANNEL,3, ,REVOLON CHANNEL & BEARDSLEY CHANNEL,"from confluence to Santa Clara Diversion at mile 1.9, to confluence of Honda and Milligan Barrancas",2.16, ,0.0527430298640294
476,R3-9,EL RANCHO DRAIN,3, ,REVOLON CHANNEL & BEARDSLEY CHANNEL,"tributary to Camarillo Hills Drain at Los Posas Road, along Rancho Drive for a distance of 1,900 feet",0.36, ,0.00530851735348291
477,Z3-oth,LAS POSAS ESTATES DRAIN DIVERSION,3, , ,Not found in Channels within the Comprehensive Plan of the Ventura County Flood Control District, , ,0.00753061164208985
478,CY4-4,DRY CANYON,4, ,CUYAMA RIVER DRAINAGE BASIN,"tributary to Cuyama River at confluence with Alamo Creek, northeasterly for a distance of 47,800 feet",9.06, ,0.136834801148664
479,T4-2,EAST FORK SCHOOLHOUSE CANYON,4, ,TRIUNFO CANYON DRAINAGE,"tributary to Schoolhouse Canyon at mile 2.2, from mouth northeasterly for a distance of 3,100 feet",0.59, ,0.00860633892252745
480,T4-15,POTRERO CREEK,4, ,TRIUNFO CANYON DRAINAGE,from Westlake to Lake Sherwood Dam,1.74, ,0.042792280289957
481,R2-6,NYELAND DRAIN,2, ,REVOLON CHANNEL & BEARDSLEY CHANNEL,"tributary to Beardsley Channel at mile 8.0, from mouth to Los Angeles Avenue along Santa Clara Avenue for a distance of 8,000 feet",1.52, ,0.0177337044434659
